addr1,addr2,addr3,addr4,cname,cont_name,cre_date,cre_user,cust_no,email,ename,fax,fax2,mod_date,mod_user,show_sub_item_detail,sname,tel,tel2,user_id
"ROOM 913, KENNING IND. BLDG.,","19 WAN HOI ROAD, KOWLOON BAY,","KOWLOON, HONG KONG.",(AAFES AUTHORIZED SUPPORT OFF.),,MAGGIE LAI/PETER,,,AAFES-12,,SD AGENCY (HK) LTD.,23312535,,Tue Sep 27 2005 07:00:00 GMT+0700 (Indochina Time),,,CHOW,23313623,,IVY
"ROOM 913, KENNING IND. BLDG.,","19 WAN HOI ROAD, KOWLOON BAY,","KOWLOON, HONG KONG.",(AAFES AUTHORIZED SUPPORT OFF.),,MAGGIE LAI/PETER,,,AAFES-40,,SD AGENCY (HK) LTD.,23312535,,,,,CHOW,23313623,,
"ROOM 913, KENNING IND. BLDG.,","19 WAN HOI ROAD, KOWLOON BAY,","KOWLOON, HONG KONG.",(AAFES AUTHORIZED SUPPORT OFF.),,MAGGIE LAI,,,AAFES-62,,SD AGENCY (HK) LTD.,23312535,,Fri Jun 10 2005 07:00:00 GMT+0700 (Indochina Time),,,,23313623,,IVY
"ROOM 913, KENNING IND. BLDG.,","19 WAN HOI ROAD, KOWLOON BAY,","KOWLOON, HONG KONG.",(AAFES AUTHORIZED SUPPORT OFF.),,MAGGIE LAI,,,AAFES-64,,SD AGENCY (HK) LTD.,23312535,,,,,,23313623,,
"ROOM 913, KENNING IND. BLDG.,","19 WAN HOI ROAD, KOWLOON BAY,","KOWLOON, HONG KONG.",(AAFES AUTHORIZED SUPPORT OFF.),,MAGGIE LAI,,,AAFES-65,,SD AGENCY (HK) LTD.,23312535,,,,,,23313623,,
"ROOM 913, KENNING IND. BLDG.,","19 WAN HOI ROAD, KOWLOON BAY,","KOWLOON, HONG KONG.",(AAFES AUTHORIZED SUPPORT OFF.),,MAGGIE LAI/PETER,,,AAFES-68,,SD AGENCY (HK) LTD.,23312535,,Fri Jun 10 2005 07:00:00 GMT+0700 (Indochina Time),,,CHOW,23313623,,IVY
"ROOM 913, KENNING IND. BLDG.,","19 WAN HOI ROAD, KOWLOON BAY,","KOWLOON, HONG KONG.",(AAFES AUTHORIZED SUPPORT OFF.),,MAGGIE LAI,,,AAFES-69,,SD AGENCY (HK) LTD.,23312535,,Mon Aug 25 2003 07:00:00 GMT+0700 (Indochina Time),,,,23313623,,
"ROOM 913, KENNING IND. BLDG.,","19 WAN HOI ROAD, KOWLOON BAY,","KOWLOON, HONG KONG.",(AAFES AUTHORIZED SUPPORT OFF.),,MAGGIE LAI,,,AAFES-73,,SD AGENCY (HK) LTD.,23312535,,,,,,23313623,,IVY
"ROOM 913, KENNING IND. BLDG.,","19 WAN HOI ROAD, KOWLOON BAY,","KOWLOON, HONG KONG.",(AAFES AUTHORIZED SUPPORT OFF.),,MAGGIE LAI,,,AAFES-74,,SD AGENCY (HK) LTD.,23312535,,,,,,23313623,,
"ROOM 913, KENNING IND. BLDG.,","19 WAN HOI ROAD, KOWLOON BAY,","KOWLOON, HONG KONG.",(AAFES AUTHORIZED SUPPORT OFF.),,MAGGIE LAI/PETER,,,AAFES-77,,SD AGENCY (HK) LTD.,23312535,,,,,CHOW,23313623,,
"ROOM 913, KENNING IND. BLDG.,","19 WAN HOI ROAD, KOWLOON BAY,","KOWLOON, HONG KONG.",(AAFES AUTHORIZED SUPPORT OFF.),,MAGGIE LAI/PETER,,,AAFES-86,,SD AGENCY (HK) LTD.,23312535,,,,,CHOW,23313623,,
"ROOM 913, KENNING IND. BLDG.,","19 WAN HOI ROAD, KOWLOON BAY,","KOWLOON, HONG KONG.",(AAFES AUTHORIZED SUPPORT OFF.),,MAGGIE LAI/PETER,,,AAFES-87,,SD AGENCY (HK) LTD.,23312535,,,,,CHOW,23313623,,
"ROOM 913, KENNING IND. BLDG.,","19 WAN HOI ROAD, KOWLOON BAY,","KOWLOON, HONG KONG.",(AAFES AUTHORIZED SUPPORT OFF.),,MAGGIE LAI/PETER,,,AAFES-88,,SD AGENCY (HK) LTD.,23312535,,,,,CHOW,23313623,,
"ROOM 913, KENNING IND. BLDG.,","19 WAN HOI ROAD, KOWLOON BAY,","KOWLOON, HONG KONG.",(AAFES AUTHORIZED SUPPORT OFF.),,MAGGIE LAI/PETER,,,AAFES-94,,SD AGENCY (HK) LTD.,23312535,,,,,CHOW,23313623,,
P.O. BOX 611270,"NORTH MIAMI,",FL 33261-1270,,,,,,ABC DIST,,"ABC DISTRIBUTING, LLC",305-940-6763,,Wed Sep 01 2004 07:00:00 GMT+0700 (Indochina Time),,,,305-944-6900,,COCO
MOESKROENSTRAAT 170,B-8930 MENEN,BELGIUM,,,,,,ABC KARN,,ABC KARNAVAL NV,,,,,,,,,CARMAN
MOLENWEG 38,2651 AD BERKEL-RODENRIJS,THE NETHERLANDS,,,,,,ALIEN WO,,HOT MUSIC HOLDING B.V.,31105120474,,,,,,31105121461,,IVY
3737 GUS THOMASSON ROAD,P.O. BOX 870669,"MESQUITE, TX 75187-0669",,,,,,AMBER'S,,"AMBER'S STORES, INC.",(214) 682-1401,,,,,,(214) 682-9993,,COCO
"4511 HELTON DRIVE,","FLORENCE, AL 35631,",U.S.A.,,,,,,AMER-PRO,,"AMERICAN PROMOTIONAL EVENTS, INC.",(205) 766-5813,,,,,,(205) 764-6131,,COCO
"4201 WALDEN AVENUE,","LANCASTER, NEW YORK, 14086",U.S.A.,,,,,,AMERICAN,,"AMERICAN SALES COMPANY, INC.",716-685-6142,,Mon Nov 03 2008 07:00:00 GMT+0700 (Indochina Time),,,,716-686-7000,,IVY
"2418 MAIN STREET,","ROCKY HILL, CT.","06067-2598, MS 2300",U.S.A.,,,,,AMES-COL,,"AMES DEPARTMENT STORES, INC.",,,,,,,,,COCO
"2418 MAIN STREET,","ROCKY HILL, CT.","06067-2598, MS 2300",U.S.A.,,,,,AMES-LE,,"AMES DEPARTMENT STORES, INC.",,,,,,,,,COCO
"2418 MAIN STREET,","ROCKY HILL, CT.","06067-2598, MS 2300",U.S.A.,,,,,AMES-MA,,"AMES DEPARTMENT STORES, INC.",,,,,,,,,COCO
"2418 MAIN STREET,","ROCKY HILL, CT.","06067-2598, MS 2300",U.S.A.,,,,,AMES-WES,,"AMES DEPARTMENT STORES, INC.",,,,,,,,,COCO
ONE ANN & HOPE WAY,"CUMBERLAND, RI 02864-6918",U.S.A.,,,,,,ANN&HOPE,,ANN & HOPE INC.,,,,,,,,,COCO
7854 NW 71ST STREET,"MIAMI, FL. 33166",U.S.A.,,,,,,APB,,APB TRADING CORP.,,,,,,,,,COCO
P.O. BOX 2510,"TROY, MI 48007-2510",U.S.A.,,,,,,ARBOR DR,,"ARBOR DRUGS, INC.",,,,,,,,,COCO
"STRADA PADANA SUPERIORE, 278",20090 VIMODRONE - MILANO - ITALIA,,,,,,,ARTENA,,GRUPPO CARTORAMA DIVISIONE ARTENA,,,,,,,,,COCO
"5-24-5 HONGO, BUNKYO-KU,","TOKYO 113-8405,",JAPAN.,,,MITSUYA MORITA,,,ASMIK,,ASMIK ACE ENTERTAINMENT INC.,,,,,,,81338176947,,COCO
"SEATTLE, WA 98124",,,,,,,,ASSOCIAT,,"ASSOCIATED GROCERS, INC.",,,,,,,,,COCO
CAPITAL 345929400F,200 RUE DE LA RECHERCHE,59656 VILLENEUVE D'ASCQ,FRANCE,,,,,AUC-FRAN,,AUCHAN FRANCE,0033320474349,,,,,,0033328376324,,COCO
CAPITAL 345929400F,200 RUE DE LA RECHERCHE,59656 VILLENEUVE D'ASCQ,FRANCE,,,,,AUC-SPAI,,AUCHAN FRANCE,0033320474349,,,,,,0033328376324,,COCO
370606 CASELLE DI SOMMACAMPAGNA (VR),"VIA DELL'ARTIGIANATO, 66",ITALY,ATTN: MR. ANDREA DORIGATTI,,,,,AUGURI,,AUGURI DI MONDADORI S.R.I.,,,,,,,,,COCO
3215 NORLAND AVENUE,"BURNABY, B.C.",CANADA V5B 3A9,,,,,,BARTON,,BARTON OF CANADA LTD.,,,,,,,,,COCO
110 BI-COUNTY BOULEVARD,SUITE 114,"FARMINGDALE, NY 11735",,,,,,BED BATH,,BED BATH & BEYOND,,,,,,,,,COCO
MILLWORKS DOMESTIC,"1430 BROADWAY, SUITE 1103","NEW YORK, NY 10018",,,,,,BED-1,,BED BATH & BEYOND,,,,,,,,,COCO
APEX HOUSE,WONASTOW ROAD,MONMOUTH GWENT NP5 4YE,,,,,,BELLS,,BELLS INCORPORATED LTD.,,,,,,,,,COCO
"C/O BEN FRANKLIN RETAIL STORES, INC.","ROOM 1101, 11TH FLOOR, TOWER 2,","HARBOUR CENTRE, 8 HOK CHEUNG STREET,","HUNGHOM, KOWLOON, KLN.",,,,,BEN FRAN,,ELITE ENTERPRISES LIMITED,,,,,,,,,COCO
7101 EAST SLAUSON AVE.,COMMERCE CA. 90040,U.S.A.,,,,,,BERTON,,THE BERTON COMPANY.,213-728-0036,,,,,,213-728-5080,,COCO
"220 S. SENECA ROAD,","EUGENE, OR 97402,",U.S.A.,,,,,,BI-MART,,BI-MART CORPORATION,503-3424241,,,,,,503-344-0681,,ICETANG
"WHOLESALE DIVISION,",1025 NORTHPARK DRIVE,"RIDGELAND, MS 39157-5216.",,,,,,BILL'S D,,BILL'S DOLLAR STORES INC.,,,Fri May 02 2003 07:00:00 GMT+0700 (Indochina Time),,,,,,CARMAN
"ONE MERCER ROAD,","P.O. BOX 9607,","NATICK, MA 01760-9607",USA.,,,,,BJ'S,,BJ'S WHOLESALE CLUB,,,,,,,508-651-7400,,
NO. 107-0062,"MONT BLEU BLDG., 2F,","5-16-14, MINAMI AOYAMA","MINATO-KU, TOKYO, JAPAN",,NAOKO YAMAZAKI,,,BLOOM,,"BLOOM CO., LTD.",03-5485-7182,,,,,,03-5485-7181,,IVY
1 BRADLEES CIRCLE,W 067 V 23147,"BRAINTREE, MA. 02184",,,,,,BRADLEE1,,BRADLEES DISTRIBUTION CTR.,,,,,,,,,
"10TH FLOOR, TOWER 1,","CHEUNG SHA WAN PLAZA,","833 CHEUNG SHA WAN ROAD, KLN., H.K.","(C/O BRADLEES, INC.)",,,,,BRADLEES,,LI & FUNG (TRADING) LIMITED,,,,,,,,,
50 SERVICE AVE.,"WARWICK, RHODE ISLAND 02886",U.S.A.,,,,,,BROOKS,,BROOKS PHARMACY,401-526-3970,,Tue Aug 30 2005 07:00:00 GMT+0700 (Indochina Time),,,,401-526-3900,,COCO
"75 SABIN STREET,","PAWTUCKET, R.I. 02860,",U.S.A.,,,,,,BROOKS D,,"BROOKS DRUG, INC.",,,Tue Aug 30 2005 07:00:00 GMT+0700 (Indochina Time),,,,,,IVY
"DISTRIBUTION CENTER,","6801 WEST SIDE AVE.,","NORTH BERGEN, N.J. 07047,",U.S.A.,,,,,CALDOR,,CALDOR INC.,,,,,,,,,
"2000 FIFTH ST., BERKELEY,",CA 94710,,,,,,,CANNED,,"CANNED FOODS, INC.",,,,,,,,,
"UNIT 17,","198-222 YOUNG STREET,",WATERLOO NSW 2017,"SYDNEY, AUSTRALIA.",,TONYBUTTERSWORTH,,,CARNIVAL,,CARNIVAL PRODUCTS,00261296998711,,,,,,00261296998700,,
"70 SEAVIEW AVENUE,","P.O. BOX 10250,","STAMFORD, CT 06904,",U.S.A.,,,,,CAROL,,"CAROL WRIGHT GIFTS, INC.",,,,,,,,,
"P.O. BOX 1425, NORTH BEND,",WASHINGTON 98045.,U.S.A.,,,,,,CASCADE,,"CASCADE TOY, LTD.",,,,,,,,,
8100 DENMARK ROAD,"CHARLOTTE, NC 28273",,,,,,,CATO,,CATO CORPORATION,,,,,,,,,
"1002-1012 WEST MAIN STREET,","LOUISVILLE, KY.",40202-2624,,,,,,CAUFIELD,,CAUFIELD'S,(502)583-2002,,,,,,(502)583-0636,,
THE GOLUB CORP.,P.O. BOX 1074,"SCHENECTADY, NY 12301-0000",U.S.A.,,,,,CENTRAL,,CENTRAL DISTRIBUTORS/GOLUB CORP.,315-685-8225,,Tue Sep 27 2005 07:00:00 GMT+0700 (Indochina Time),,,,,,IVY
"EASTHAM HOUSE,","COPSE ROAD,","FLEETWOOD, LANCASHIRE,",FY7 7NY. U.K.,,ALAN SMITH,,,CLIFTON,,CLIFTON CONSTRUCTION,(0253) 878711,,,,,,(0253) 778888,,
ZEPPELINSTRASSE 41,73760 OSTFILDERN,GERMANY,,,RALF KALUPKE,,,CLOSE UP,,CLOSE UP POSTERS,497114504552,,Fri Jun 10 2005 07:00:00 GMT+0700 (Indochina Time),,,,497114504550,,COCO
,,,,,,,,CLOVER,,CLOVER,,,,,,,,,
"7, rue Ampere",B.P. 128,C.U. de STRASBOURG,67118 GEISPOLSHEIM-GARE France,,,,,CODICO,,SOCIETE CODICO,,,Fri May 02 2003 07:00:00 GMT+0700 (Indochina Time),,,,,,COCO
800 COTTONTAIL LANE,"SOMERSET, NJ 08873",,,,,,,COMMUNIT,,"COMMUNITY DISTRIBUTORS, INC.",722-2902,,Tue Aug 30 2005 07:00:00 GMT+0700 (Indochina Time),,,,(908) 722-8700,,COOKIE
"VIA TURATI, 1/3 - 20020 MISINTO (MI)",ITALY,,,,DANIELE,,,COMOGIOC,,COMOGIOCHI S.R.L.,390296720066,(DANIELE),,,,,390296329575,,COCO
"300 PHILLIPI ROAD,","COLUMBUS, OHIO 43228,",U.S.A.,,,,,,CONSO-CO,,"BIG LOTS STORES, INC.",614-2786676,,Wed May 14 2003 07:00:00 GMT+0700 (Indochina Time),,,,614-2786800,,JENI
"300 PHILLIPI ROAD,","COLUMBUS, OHIO 43216,",U.S.A.,,,,,,CONSO-MO,,CONSOLIDATED STORES,614-2786676,,,,,,614-2786800,,
"300 PHILLIPI ROAD,","COLUMBUS, OHIO 43216,",U.S.A.,,,,,,CONSO-RA,,CONSOLIDATED STORES,614-2786676,,,,,,614-2786800,,
"300 PHILLIPI ROAD,","COLUMBUS, OHIO 43216,",U.S.A.,,,,,,CONSO-TR,,CONSOLIDATED STORES,614-2786676,,,,,,614-2786800,,
"300 PHILLIPI ROAD,","COLUMBUS, OHIO 43228,",U.S.A.,,,,,,CONSOLID,,"BIG LOTS STORES, INC.",614-2786676,,Fri Jun 10 2005 07:00:00 GMT+0700 (Indochina Time),,,,614-2786800,,COOKIE
C/O COTTER AND COMPANY,"ROOM 1101, 11TH FLOOR, TOWER 2,","HARBOUR CENTRE, 8 HOK CHEUNG STREET,","HUNGHOM, KOWLOON, KLN.",,MR. LAUREL CHAN,,,COTTER,,ELITE ENTERPRISES LIMITED,3307200,,,,,,3307313,,COOKIE
320 S. DIVISION,"HARVARD, IL.",U.S.A.,,,,,,COTTER-1,,COTTER & COMPANY,,,,,,,,,
C/O S.E. ENTERPRISES,"810 WEST ARMY TRAIL ROAD NO. 242,","CAROL STREAM, ILL 60188, U.S.A.",,,,,,COTTER-2,,"RAINBOW CONNECTIONS, LTD.",630-293-0919,,,,,,630-293-0686,,
"350 FIFTH AVE.,","RM.#2800, NEW YORK, NY. 10118,",U.S.A.,,,,,,CROWN-TE,,CROWN-TEX CORP.,,,,,,,,,
"P.O. BOX 2955,","COLORADO SPRINGS, CO 80901",U.S.A.,,,,,,CURRENT,,"CURRENT, INC.",,,Fri Oct 07 2005 07:00:00 GMT+0700 (Indochina Time),,,,,,IVY
"EASTHAM HOUSE,","COPSE ROAD,","FLEETWOOD, LANCASHIRE,","FY7 7NY, U.K.",,NEIL SYKES (T/T),,,DAVID HA,,DAVID HALSALL INTERNATIONAL LTD.,(0253) 878711,1253878921,,,,,(0253) 778888,,COCO
"EASTHAM HOUSE,","COPSE ROAD,","FLEETWOOD, LANCASHIRE,","FY7 7NY, U.K.",,NEIL SYKES (T/T),,,DAVID-CW,,DAVID HALSALL INTERNATIONAL LTD.,(0253) 878711,1253878921,,,,,(0253) 778888,,COCO
"SUITE 1206-10, 12/F., TOWER 6","THE GATEWAY, HARBOUR CITY,","9 CANTON ROAD,","TSIMSHATSUI, KOWLOON, HONG KONG.",,MONICA/ELAINE,,,DAVID-HK,,DAVID HALSALL (HK) LTD.,27248010,,,,,,27248183,,COCO
"EASTHAM HOUSE,","COPSE ROAD,","FLEETWOOD, LANCASHIRE,","FY7 7NY, U.K.",,NEIL SYKES (T/T),,,DAVID-MO,,DAVID HALSALL INTERNATIONAL LTD.,(0253) 878711,1253878921,,,,,(0253) 778888,,
"EASTHAM HOUSE,","COPSE ROAD,","FLEETWOOD, LANCASHIRE,","FY7 7NY, U.K.",,NEIL SYKES (T/T),,,DAVID-OL,,DAVID HALSALL INTERNATIONAL LTD.,(0253) 878711,1253878921,,,,,(0253) 778888,,
"EASTHAM HOUSE,","COPSE ROAD,","FLEETWOOD, LANCASHIRE,","FY7 7NY, U.K.",,NEIL SYKES (T/T),,,DAVID-PL,,DAVID HALSALL INTERNATIONAL LTD.,(0253) 878711,1253878921,,,,,(0253) 778888,,COCO
"EASTHAM HOUSE,","COPSE ROAD,","FLEETWOOD, LANCASHIRE,","FY7 7NY, U.K.",,NEIL SYKES (T/T),,,DAVID-TE,,DAVID HALSALL INTERNATIONAL LTD.,(0253) 878711,1253878921,,,,,(0253) 778888,,
"EASTHAM HOUSE,","COPSE ROAD,","FLEETWOOD, LANCASHIRE,","FY7 7NY, U.K.",,NEIL SYKES (T/T),,,DAVID-TT,,DAVID HALSALL INTERNATIONAL LTD.,(0253) 878711,1253878921,Fri May 02 2003 07:00:00 GMT+0700 (Indochina Time),,,,(0253) 778888,,
"EASTHAM HOUSE,","COPSE ROAD,","FLEETWOOD, LANCASHIRE,","FY7 7NY, U.K.",,NEIL SYKES (T/T),,,DAVID-YM,,DAVID HALSALL INTERNATIONAL LTD.,(0253) 878711,1253878921,,,,,(0253) 778888,,
1005 OLYMPIC BLVD,MONTEBELLO CA 90640,U.S.A.,,,,,,DC AMERI,,D.C. AMERICA,847-913-9075,,,,,,800-238-5296,,
211 WEST MAIN STREET #217,"CARPENTERSVILLE, IL 60110",(C/O DISCOUNT DRUG),,,TAMMY TALIC,,,DISCOUNT,,TIGER IMPORT SERVICES,847 836-5303,,,,,,847 836-5624,,
AV. BUROCRATAS 619 COL. BUROCRATAS,MONTERREY N.L. MEXICO,,,,,,,DISTRIBU,,DISTRIBUIDORA HAG S.A.,,,,,,,,,
427 BEECH STREET,"SCOTTSVILLE, KENTUCKY 42164,",U.S.A.,,,,,,DOLGEN.H,,"DOLGENCORP, INC.",,,,,,,,,
427 BEECH STREET,"SCOTTSVILLE, KENTUCKY 42164,",U.S.A.,,,,,,DOLGEN.S,,"DOLGENCORP, INC.",,,,,,,,,
"1700 TOMLINSON ROAD,","PHILADELPHIA, PA 19116-3848",U.S.A.,,,,,,DOLLAR E,,"DOLLAR EXPRESS, INC.",215-969-3192,,,,,,215-969-7888,,TABLE
500 VOLVO PARKWAY,"CHEASPEAKE, VA 23320",UNITED STATES OF AMERICA,,,MACON F. BROCK,,,DOLLAR T,,"GREENBRIER INTERNATION, INC. (DOLLAR TREE)",757-321-5200,"APRIL 13, 2006",Tue Nov 04 2008 07:00:00 GMT+0700 (Indochina Time),,,CHANGED,757-321-5000,ADDRESS EFFECTIVE ON,COOKIE
"555 NORTHWEST AVE.,","NORTHLAKE, IL 60164,",U.S.A.,,,,,,DOMINICK,,DOMINICKS FINER FOOD,,,,,,,,,
3737 ROUNDBOTTOM ROAD,"CINCINNATI, OH 45244",U.S.A.,,,,,,DSI,,DIRECT SOURCE INTERNATIONAL,513-561-3691,,,,,,,,ICETANG
"FLOOR 19, ALLIED KAJIMA BUILDING,","138 GLOUCESTER ROAD,","WANCHAI, HONG KONG.",C.C. DIRECT SOURCE INC.,,,,,DSI K,,DEARING INTERNATIONAL LTD.,,,,,,,5988989,,COCO
"440 9TH AVENUE,","6TH FLOOR,","NEW YORK,","NY 10001,",,,,,DUANE RE,,DUANE READE,,,Tue Nov 04 2008 07:00:00 GMT+0700 (Indochina Time),,,DUANE READE,(212)273-5700,,IRENE
401 COTTAGE AVENUE,ABILENE KS 67410-0129,ATT: ACCOUNTS PAYABLE,,,,,,DUCKWALL,,"ALCO STORES, INC.",,,Mon Dec 03 2012 07:00:00 GMT+0700 (Indochina Time),,,,,,WENDY
"80 VOICE ROAD,",CARLE PLACE,NEW YORK 11514,U.S.A.,,MR. ALAN GELLER,,,E.U.,,EASTER UNLIMITED INCORPORATED,516-8739005,,Thu Oct 04 2007 07:00:00 GMT+0700 (Indochina Time),,,,516-8739000,,DOROTHY
FLORIDA DIVISION,"P.O. BOX 4689,",CLEAR WATER FL 34618,U.S.A.,,,,,ECK-CHAR,,JACK ECKERD DRUG CO.FLORIDA,,,Tue Aug 30 2005 07:00:00 GMT+0700 (Indochina Time),,,,,,COCO
"P.O. BOX 4689,",CLEAR WATER FL 34618,U.S.A.,,,,,,ECK-CONR,,JACK ECKERD DRUG CO.FLORIDA DIVISION,,,,,,,,,
"P.O. BOX 4689,",CLEAR WATER FL 34618,U.S.A.,,,,,,ECK-DALL,,JACK ECKERD DRUG CO.FLORIDA DIVISION,,,,,,,,,
P.O. BOX 9102,CLEARWATER FL 33758,U.S.A.,,,,,,ECK-DEER,,JACK ECKERD DRUG CO.FLORIDA DIVISION,,,,,,,,,
"P.O. BOX 4689,",CLEAR WATER FL 34618,U.S.A.,,,,,,ECK-GARL,,JACK ECKERD DRUG CO.FLORIDA DIVISION,,,,,,,,,
"P.O. BOX 4689,",CLEAR WATER FL 34618,U.S.A.,,,,,,ECK-LARG,,JACK ECKERD DRUG CO.FLORIDA DIVISION,,,,,,,,,
FLORIDA DIVISION,"P.O. BOX 4689,",CLEAR WATER FL 34618,U.S.A.,,,,,ECK-LIVE,,JACK ECKERD DRUG CO.FLORIDA DIVISION,,,,,,,,,
P.O. BOX 9102,CLEARWATER FL 33758,U.S.A.,,,,,,ECK-MOR,,JACK ECKERD DRUG CO.FLORIDA DIVISION,,,Fri Jun 10 2005 07:00:00 GMT+0700 (Indochina Time),,,,,,IVY
"P.O. BOX 4689,",CLEAR WATER FL 34618,U.S.A.,,,,,,ECK-NEWN,,JACK ECKERD DRUG CO.FLORIDA DIVISION,,,,,,,,,
"P.O. BOX 4689,",CLEAR WATER FL 34618,U.S.A.,,,,,,ECK-ORLA,,JACK ECKERD DRUG CO.FLORIDA DIVISION,,,,,,,,,
FLORIDA DIVISION,"P.O. BOX 4689,",CLEAR WATER FL 34618,U.S.A.,,,,,ECK-PITT,,JACK ECKERD DRUG CO.FLORIDA DIVISION,,,,,,,,,
"P.O. BOX 4689,",CLEAR WATER FL 34618,U.S.A.,,,,,,ECK-SHEN,,JACK ECKERD DRUG CO.FLORIDA DIVISION,,,Tue Aug 30 2005 07:00:00 GMT+0700 (Indochina Time),,,,,,IVY
"C/DIPUTACION, 100-104",BARCELONA 08015,SPAIN,,,,,,EL CARNA,,EL CARNAVAL S.A.,,,,,,,,,
"FLAT A-D, 12/F., CENTER 600,","NO. 82 KING LAM STREET,","CHEUNG SHA WAN, KOWLOON,",HONG KONG.,,,,,ELITE,,ELITE ENTERPRISES LIMITED,,,,,,,,,
POSTFACH 1721,"49787 LINGEN, GERMANY.",,,,HELMET PETERS,,,EMP,,E.M.P. MERCHANDISING HGMBH,(0591)30 10,,,,,,(0591)91 43 60,,
"UNITS 1008-1018, 1/F.,","TRANS ASIA CENTRE, 18 KIN HONG ST.,","KWAI CHUNG, N.T., H.K.",,,IRIS NG,,,ERA,,ERA FILMS (HK) LTD.,,,,,,,23993981,,
"OTTO-VON-GUERICKE-RING 16,",49811 LINGEN,GERMANY,,,DIRK ERFURTH,,,ERFURTH,,OUTLESS GMBH,040-5475015-19,,Wed May 04 2022 07:00:00 GMT+0700 (Indochina Time),,,,040-54750150,,PHYLLIS
"80 VOICE ROAD, CARLE PLACE","NEW YORK 11514, U.S.A.",,,,MR. ALAN GELLER,,,F.W.,,"FUN WORLD DIV. EASTER UNLIMITED,INC.",516-8739005,,,,,,516-8739000,FUNWORLD@EROLS.COM,IVY
350 KARIN LANE,"HICKSVILLE, N.Y. 11801",U.S.A.,,,,,,FABRIC B,,FABRIC BONANZA INC.,516-681-0636,,,,,,516-681-0505,,
2727 DIEHL ROAD,"NAPERVILLE, IL 60563",U.S.A.,,,,,,FACTORY,,FACTORY CARD OUTLET,(708)238-9547,,,,,,(708)238-0010,,CONNIE
P.O. NO. 1017,"CHARLOTTE, N.C. 28201-1017",U.S.A.,,,ROB BEVIS,,,FAMILY,,FAMILY DOLLAR STORES,704-847-5534,,,,,,704-814-3399,,ICETANG
P.O. NO. 1017,"CHARLOTTE, N.C. 28201-1017",U.S.A.,,,,,,FAMILY-F,,FAMILY DOLLAR STORES,,,,,,,,,
P.O. NO. 1017,"CHARLOTTE, N.C. 28201-1017",U.S.A.,,,,,,FAMILY-M,,FAMILY DOLLAR STORES,,,,,,,,,
P.O. NO. 1017,"CHARLOTTE, N.C. 28201-1017",U.S.A.,,,,,,FAMILY-W,,FAMILY DOLLAR STORES,,,,,,,,,
6871 BELFORT OAKS PLACE,"JACKSONVILLE, FLORIDA 32216",,,,,,,FAR EAST,,"FAR EAST BROKERS AND CONSULTANTS, INC.",904 332 9007,,Fri May 02 2003 07:00:00 GMT+0700 (Indochina Time),,,,904 332 9006,,COCO
P.O. BOX 29166,"SAN JUAN, P.R. 00929-9166",,,,,,,FARMACIA,,FARMACIAS EL AMAL,,,Tue Nov 04 2008 07:00:00 GMT+0700 (Indochina Time),,,,,,LING
"ROOM 1107-11, 11TH FLOOR,","TOWER ONE THE GATEWAY,","25 CANTON ROAD, TSIMSHATSUI, KOWLOON, HONG KONG.",(C/O HILMAR KRAUTWURST GMBH & CO.KG),,,,,FAWN EYE,,DISGUSIE LIMITED,31026477 (SHIP,HONG WONG,Tue Jun 16 2009 07:00:00 GMT+0700 (Indochina Time),,,,31016427 (A/C),CHRISTINA MA,COOKIE
DIVISION OF FAY'S INCORPORATED.,"7245 HENRY CLAY BLVD.,","LIVERPOOL, NY 13088, U.S.A.",ATTN: MR. LYNDON JOHNSON,,,,,FAY'S DR,,FAY'S DRUG STORES,,,,,,,,,
"5555 DARROW ROAD,","HUDSON, OHIO 44236",U.S.A.,,,,,,FCA-CA,,"FABRI-CENTERS OF AMERICAN, INC.",,,Fri May 02 2003 07:00:00 GMT+0700 (Indochina Time),,,,,,
P.O. BOX 1879,"STOW, OHIO 44224-0879",,,,,,,FCA-OH,,JOANN STORES INC.,,,,,,,,,
4400 BAKER ROAD,MINNETONKA MN 55343,,,,,,,FINGER,,FINGERHUT COMPANIES INC.,,,,,,,,,
VIA MARCONI 5/4,27040 REA (PV) ITALY,,,,,,,FIORI,,FIORI PAOLO S.R.L.,02-90076720,,,,,,02-90033006,,
VICOLO PORTA SNC,27040 REA (PV) ITALY,,,,,,,FIORI-1,,CIAO SRL,,,,,,,,,COCO
"6600 TELEGRAPH ROAD,","COMMERCE, CA. 90040",,,,,,,FIRST IM,,FIRST IMPERIAL TRADING CO.,323-838-5754,,Wed Apr 30 2003 07:00:00 GMT+0700 (Indochina Time),,,,323-838-9126,,IVY
"P.O. BOX 42500,","PORTLAND,",OR 97242-0500.,,,,,,FOOD 4,,FOOD 4 LESS,,,,,,FOOD 4 LESS,,,CONNIE
3000 LONG BEACH ROAD,"OCEANSIDE, NEW YORK 11572",U.S.A.,,,,,,FORUM NO,,"FORUM NOVELTIES INC.,",(516)536-9741,,,,,,(516)536-4600,,
84-00 73RD. AVENUE,"GLENDALE, NY. 11385",U.S.A.,,,,,,FRANCO,,FRANCO AMERICAN NOVELTY CO.,,,,,,,,,COCO
P.O. BOX 34550,"DETROIT, MI 48234",U.S.A.,ATTN DEPT: 38601,,,,,FRANK-IL,,FRANKS NURSERY & CRAFTS.,,,,,,,,,
P.O. BOX 34550,"DETROIT, MI 48234",U.S.A.,ATTN DEPT: 38601,,,,,FRANK-IN,,FRANKS NURSERY & CRAFTS.,,,,,,,,,
P.O. BOX 34550,"DETROIT, MI 48234",U.S.A.,ATTN DEPT: 38601,,,,,FRANK-MI,,FRANKS NURSERY & CRAFTS.,,,,,,,,,
P.O. BOX 34550,"DETROIT, MI 48234",U.S.A.,ATTN DEPT: 38601,,,,,FRANK-PA,,FRANKS NURSERY & CRAFTS.,,,,,,,,,
3800 SE 22ND AVENUE,"PORTLAND, OR 97202-2918",U.S.A.,,,,,,FRED MEY,,"FRED MEYER, INC. DBA KROGER",,,Fri Aug 10 2012 07:00:00 GMT+0700 (Indochina Time),,,,,,IVY
4300 NEW GETWELL RD.,"P.O. BOX 18356,","MEMPHIS, TN",38181-0356 U.S.A.,,,,,FRED'S,,"FRED'S, INC.",,,Mon Apr 25 2005 07:00:00 GMT+0700 (Indochina Time),,,,,,JENI
P.O. BOX 42500,"PORTLAND, OREGON 97242",U.S.A.,,,,,,FRED/QFC,,"FRED MEYER, INC.",,,,,,,,,COCO
P.O. BOX 42500,"PORTLAND, OREGON 97242",U.S.A.,,,,,,FREDCOLB,,"FRED MEYER, INC.",,,,,,,,,
ROUTE 62 NORTH,"POINT PLEASANT, WV 25550",USA,,,,,,FRUTH,,FRUTH PHARMACY,,,Fri Oct 24 2008 07:00:00 GMT+0700 (Indochina Time),,,,,,COOKIE
"UNIT 101, 1ST FLOOR,","WING ON PLAZA,","62 MODY ROAD,","T.S.T., KLN., H.K.",,,,,FWW HK,,WOOLWORTH OVERSEAS CORP.,7307314,,,,,,7356288,,
"UNIT 101, 1ST FLOOR,","WING ON PLAZA,","62 MODY ROAD, T.S.T., KLN., H.K.","(C/O WOOLWORTH, CANADA)",,,,,FWW.CA,,WOOLWORTH OVERSEAS CORP.,7307314,,,,,,7356288,,
"UNIT 101, 1ST FLOOR,","WING ON PLAZA,","62 MODY ROAD,","T.S.T., KLN., H.K.",,,,,FWW.HK,,WOOLWORTH OVERSEAS CORP.,7307314,,,,,,7356288,,
233 BROADWAY (WOOLWORTH BUILDING),"NEW YORK CITY, NEW YORK 10279,",U.S.A.,,,,,,FWW.LA,,F.W. WOOLWORTH CO.,,,,,,,,,
233 BROADWAY (WOOLWORTH BUILDING),"NEW YORK CITY, NEW YORK 10279,",U.S.A.,,,,,,FWW.NO,,F.W. WOOLWORTH CO.,,,,,,,,,
233 BROADWAY (WOOLWORTH BUILDING),"NEW YORK CITY, NEW YORK 10279,",U.S.A.,,,,,,FWW.NY,,F.W. WOOLWORTH CO.,,,,,,,,,
"35901 VERONICA,","LIVONIA, MI 48150,",U.S.A.,,,,,,GAGS,,"GAGS & GAMES, INC.",734-591-3822,,,,,,734-591-1717,,ICETANG
P.O. BOX 6408,"KATY, TX 77491",U.S.A.,,,,,,GARDEN R,,GARDEN RIDGE,,,,,,,,,COCO
80 MARCUS DRIVE,MELVILLE,NY 000011747,U.S.A.,,,,,GENOVESE,,GENOVESE DRUGS,,,,,,,,,
"VIA DE113 ARTIGIANO, 39",40065 PIANORO (BOLOGNA),ATTN: MS. PAOLA PANZACCHI,,,,,,GIOCAS,,GIOCAS GIOCATTOLI,,,,,,,,,
821 MELBOURNE AVE.,CINCINNATI OH 45229,U.S.A.,,,,,,GROUP SA,,"GROUP SALES, INC.",,,,,,,,,
P.O. BOX 839999,646 S. MAIN AVENUE,"SAN ANTONIO, TX 78283",210-270-8183 U.S.A.,,JULIE SANTOS,,,H.E.BUTT,SANTOS.JULIE@HEB.COM,"H-E-B, LP",210-938-7725,,Thu Aug 08 2019 07:00:00 GMT+0700 (Indochina Time),,,,210-938-8147,,PHYLLIS
#376 P.O. BOX 419580,KANSAS CITY MISSOURI 64141-6580,U.S.A.,,,,,,HALLMARK,,HALLMARK CARDS PURCHASING,,,,,,,,,
P.O. BOX 1196,"PORTLAND, MAINE 04104,",U.S.A.,,,,,,HANNAFOR,,HANNAFORD BROS. CO.,,,,,,,,,SUE
"340 POPLAR ST.,","HANOVER, PA. 17333,",U.S.A.,,,,,,HANOVER,,HANOVER DIRECT INDUSTRIES INC.,,,,,,,,,
"3925 RICE MINE ROAD, NE","TUSCALOOSA, ALABAMA 35406,",U.S.A.,,,,,,HARCO DR,,HARCO DRUG INC.,,,,,,,,,
"270 SPAGNOLI ROAD,","MELVILLE, NY 11747",U.S.A.,,,,,,HARROWS,,"HARROW'S STORES, INC.",(516) 752-2824,,,,,,(516) 752-2828,,
"770 W. GOODALE BLVD.,","COLUMBUS OH 43212,",U.S.A.,,,,,,HARTS,,HARTS STORES INC.,,,,,,,,,
AM BLEICHANGER 1,D-96450 COBURG,GERMANY,,,,,,HILKA,,HILMAR KRAUTWURST GMBH,,,,,,,,,
7707 S.W. 44TH ST,"OKLAHOMA CITY, OK 73179",U.S.A.,,,,,,HOBBY,,HOBBY LOBBY WAREHOUSE,214 748-9934,U,Wed Jul 06 2016 07:00:00 GMT+0700 (Indochina Time),,,,214 745-9933,,JENI
"P.O. BOX 9090,","CLEARWATER, FL 34618-9090,",U.S.A.,,,,,,HOME,,"HOME SHOPPING CLUB, INC.",8135729700,,,,,,8135728585,,
2800 ENTERPRISE STREET,P.O. BOX 19903,"INDIANAPOLIS, INDIANA 46219-0903",U.S.A.,,,,,HOOK DRU,,HOOK DRUGS,,,,,,,,,
MIKE RUSSELL.,175 TRI-COUNTY PARKWAY,"CINCINNATI, OHIO 45246",U.S.A.,,,,,HOOK-SUP,,"HOOK-SUPERX, INC.",513-782-3733,,,,,,513-782-3598,,
6700 S.W. SANDBURG STREET,"TIGARD, OR 97223",,,,,,,HORIZON1,,MCKENZIE BUYING COMPANY,,,Wed Oct 19 2016 07:00:00 GMT+0700 (Indochina Time),,,,,,JULIA
P.O. BOX 23576,PORTLAND,,,,,,,HORIZON2,,MCKENZIE BUYING COMPANY,,,,,,,,,
P.O. BOX 23576,PORTLAND,,,,,,,HORIZON3,,MCKENZIE BUYING COMPANY,,,,,,,,,
P.O. BOX 23576,PORTLAND,,,,,,,HORIZON4,,MCKENZIE BUYING COMPANY,,,,,,,,,
P.O. BOX 23576,PORTLAND,,,,,,,HORIZON5,,MCKENZIE BUYING COMPANY,,,,,,,,,
P.O. BOX 23576,PORTLAND,,,,,,,HORIZON6,,MCKENZIE BUYING COMPANY,,,,,,,,,
P.O. BOX 23576,PORTLAND,,,,,,,HORIZON7,,MCKENZIE BUYING COMPANY,,,,,,,,,
"13400 RIVERSIDE DRIVE,","SHERMAN OAKS, CA 91423",U.S.A.,,,,,,HOUSE OF,,"HOUSE OF FABRICS, INC.",818-3852392,,,,,,818-3852293,,
"3501 MT. PROSPECT ROAD,","FRANKLIN PARK, IL 60131,",U.S.A.,,,,,,HOUSTON,,HOUSTON FOODS CO.,7086168886,,,,,,7086169191,,
"UNIT 7, 2/FL., TOWER 1, HARBOUR CENTRE,","1 HOK CHEUNG STREET, HUNG HOM,","KOWLOON, HONG KONG.",,,,,,HTU,,"HOLIDAY TIMES UNLIMITED, INC.",23417391,,,,,,27908304,,IVY
62 HUME HIGHWAY,CHULLORA NSW,AUSTRALIA 2190,,,,,,HUNTER-F,,FRANKLINS LTD.,,,,,,,,,
"KERRS ROAD, WIRI",PIRVATE BAG 76-927,MANUKAU DX68202,AUCKLAND NEW ZEALAND,,,,,HUNTER-W,,WOOLWORTHS N.Z LTD.,,,,,,,,,
"250 PARK CENTER BLVD.,","BOISE, ID 83706",,,,MS. BARBARA YAMAGUCHI,,,ICI,,ALBERTSONS LLC,(909)592-7416,,Tue Oct 13 2015 07:00:00 GMT+0700 (Indochina Time),,,,,,JENI
"33 SWORD STREET, AUBURN,",MA 01501,U.S.A.,,,,,,IMPERIAL,,IMPERIAL DISTRIBUTORS,,,,,,,,,ICETANG
"VARVSVAGEN 3,",S-45176 UDDEVALLA,SWEDEN.,,,,,,INTERTOY,,HALLOWEEN IN SWEDEN (INTERTOY),(46)-522-14651,,,,,,(46)-522-14670,,COCO
PO BOX 1909,1075 HICKSVILLE ROAD,"MASSAPEQUA, NY 11758",USA,,,,,ISLAND R,,ISLAND RECREATIONAL,,,,,,,,,COCO
501 EAST BROADWAY,"LOUISVILLE, KY 40202",U.S.A.,,,,,,IT'S REA,,"IT'S REALLY $1.00, INCORPORATED",(502) 589-3583,,,,,,(502) 587-8700,,
1150 MOTOR PARKWAY,"CENTRAL ISLIP, N.Y. 11722",U.S.A.,,,,,,IVY MAR,,IVY MAR CO. INC.,,,,,,,,,
"SUITES 1301-9, NEW T & T CENTRE,","HARBOUR CITY, 7 CANTON ROAD,","TSIM SHA TSUI, KOWLOON, H.K.",,,,,,J.C.P.HK,,J.C. PENNEY PURCHASING CORPORATION,,FACSIMILE: 23170735,,,,,23173800,FACSIMILE: 23170732,
LINCOLN CENTER 3,5430 LBJ FREEWAY,"DALLAS, TEXAS 75240-2650",U.S.A.,,,,,J.C.P.LA,,J.C. PENNEY PURCHASING CORP.,,,,,,,,,
LINCOLN CENTER 3,5430 LBJ FREEWAY,"DALLAS, TEXAS 75240-2650",U.S.A.,,,,,J.C.P.MO,,J.C. PENNEY PURCHASING CORP.,,,,,,,,,
LINCOLN CENTER 3,5430 LBJ FREEWAY,"DALLAS, TEXAS 75240-2650",U.S.A.,,,,,J.C.P.PI,,J.C. PENNEY PURCHASING CORP.,,,,,,,,,
LINCOLN CENTER 3,5430 LBJ FREEWAY,"DALLAS, TEXAS 75240-2650",U.S.A.,,,,,J.C.P.RA,,J.C. PENNEY PURCHASING CORP.,,,,,,,,,
"ACCOUNTS PAYABLE DEPT.,","40 HARTZ WAY,",SECAUCUS NJ. 07076-1526.,U.S.A.,,,,,JAMESWAY,,"JAMESWAY CORPORATION,",,,,,,,,,
"ROOM 1301, WHARF T&T CENTRE,","7 CANTON ROAD,","TSIM SHA TSUI, KOWLOON, HONG KONG.",,,,,,JANCO,,JANCO OVERSEAS LTD.,27369687,,,,,,27363263,,
"1ST FLOOR,","466 CRANBROOK ROAD,","GANTS HILL, ILFORD, ESSEX, IG2 6LE",U.K.,,JOHN GOLDSTEIN,,,JARROY,,JARROY OF LONDON,0208 5543133,,Wed Apr 19 2006 07:00:00 GMT+0700 (Indochina Time),,,,0208 5543131,,LESLEY
SATURNSTRABE 50,"D-85609, ASCHHEIM",GERMANY.,,,,,,JOH.VOGL,,JOH. VOGLER GMBH,49-89-99194750,,,,,,49-89-99194728,,
"K & B PLAZA, LEE CIRCLE","NEW ORLEANS, LA 70130-3999",U.S.A.,,,,,,K & B,,K & B INCORPORATED,,,,,,,,,
3333 BEVERLY ROAD,"HOFFMAN ESTATES,",IL 60179,U.S.A.,,,,,K-MART,,KMART CORPORATION,,,Fri May 06 2011 07:00:00 GMT+0700 (Indochina Time),,,,,,COOKIE
"3100 WEST BIG BEAVER ROAD,","TROY, IMICHIGAN 48084 - 3163",U.S.A.,,,,,,K-MART U,,KMART GLOBAL SOURCING LTD.,,,Fri Feb 06 2004 07:00:00 GMT+0700 (Indochina Time),,,,,,
P.O. BOX 111550,"PITTSBURGH, PA 15238",,,,,,,KERR DRU,,KERR DRUG INC.,,,,,,KERR DRUG,,,ICETANG
"54/F, OFFICE TOWER, LANGHAM PLACE,","8 ARGYLE STREET, MONGKOK, KOWLOON, HONG KONG.",,,,,,,KMART,,SEARS HOLDINGS GLOBAL SOURCING LTD.,,,Mon Jun 14 2010 07:00:00 GMT+0700 (Indochina Time),,,,,,IVY
3800 SE 22ND AVENUE,"PORTLAND, OR 97202-2918",U.S.A.,,,,,,KROG/P-1,,"FRED MEYER, INC. DBA KROGER",,,Fri May 11 2012 07:00:00 GMT+0700 (Indochina Time),,,,,,IVY
ONE GEOFFREY WAY,"WAYNE, NJ 07470 - 2030",U.S.A.,,,MS. MAGGIE WONG,,,LASH,,"TOYS R US - DELAWARE, INC. DBA TOYS R US",23777733,,Mon Oct 13 2014 07:00:00 GMT+0700 (Indochina Time),,,,23777732,,JENI
"3/F LIFUNG TOWER,","888 CHEUNG SHA WAN ROAD,","LAI CHI KOK, KOWLOON",HONG KONG,,MS LEONIE FAN,,,LASH(HK),FANL@TOYSRUS.COM.HK,"TOYS ""R"" US ASIA LTD.",,,,,,"TOYS ""R"" US",2991 6165,,COOKIE
"TOYS ""R"" US - LIFUNG TAIWAN LTD.","1/F., NO. 28, SECTION 2,","SHIN SHENG N. ROAD,","TAIPEI,TAIWAN",,,,,LASH(TW),,"TOYS ""R"" US ASIA LTD.",,,,,,"TOYS ""R"" US",,,COOKIE
"TOYS ""R"" US SINGAPORE (PTE) LTD.",1 KIM SENG PROMENADE #09-07,GREAT WORLD CITY WEST TOWER,SINGAPORE 237994,,,,,LASH-(S),,"TOYS ""R"" US ASIA LTD.",,,,,,"TOYS ""R"" US",,,COCO
"TRU (HK) LTD.,","15/F., WORLD FINANCE CENTRE,","NORTH TOWER, HARBOUR CITY,","19 CANTON ROAD, TSIMSHATSUI, KLN. HK",,,,,LASH-FR1,,TRU FRANCE IMPORT,23777733,,,,,,23777732,,
"TRU (HK) LTD.,","15/F., WORLD FINANCE CENTRE,","NORTH TOWER, HARBOUR CITY,","19 CANTON ROAD, TSIMSHATSUI, KLN. HK",,,,,LASH-FR2,,TRU FRANCE IMPORT,23777733,,,,,,23777732,,
"TOYS ""R""US (MALAYSIA) SDN BHD","W-6-2, 2ND FLOOR,","SUBANG SQUARE BUSINESS PARK,","JALAN SS15/4G, 47500 SUBANG JAYA, SELANGOR.",,JOAN OLIVIA TURNER,,,LASH-MAL,,"TOYS ""R"" US ASIA LTD.",(06-3)56341757,,,,,"TOYS ""R"" US",(06-3)56346508,,COCO
"SUNE SAGARES VAG 4, 313 96","SIMLANGSDALEN,",SWEDEN.,,,,,,LECO,,BUTTERICKS LECO AB,,,Wed Jun 05 2024 07:00:00 GMT+0700 (Indochina Time),,,,,,IVY
"1200 ST. CHARLES ST.,","ELGIN, ILLINOIS 60120,",U.S.A.,,,,,,LEEWARDS,,"LEEWARDS CREATIVE CRAFTS, INC.",,,,,,,,,
INDUSTRIEWEG 9,"B-2630 AARTSELAAR, BELGIUM",,,,,,,LEO'S,,LEO'S N.V./S.A.,,,,,,,,,COCO
40 COMMANDER BLVD,"SCARBOROUGH, ON M1S 352",CANADA,,,,,,LEWISCRA,,LEWISCRAFT CORPORATION,,,,,,,,,
SWANEBLAKESTRAAT 7,3044 EM ROTTERDAM,HOLLAND,,,,,,LOCUS,,LOCUS NOVELTIES INTERNATIONAL B.V.,31104622516,,,,,,31104374757,,CARMAN
"721 BROADWAY AVENUE HOLBROOK,","NEW YORK 11741,",U.S.A.,ATTN: IVY MAR,,,,,LONG ISL,,"LONG ISLAND CONSORTIUM, INC.",,,,,,,,,
141 N. CIVIC DRIVE,"WALNUT CREEK,","CA 94596, U.S.A.",,,DEBBIE ANTIS,,,LONGS DR,dantis@longs.com,LONGS DRUG STORES,925 210-6575,,Fri Sep 02 2005 07:00:00 GMT+0700 (Indochina Time),,,,925 210-6647,,CONNIE
ATTN : #865 WAREHOUSE DISTRIBUTION,"2270 HOONEE PLACE,","HONOLULU, HAWAII 96819.",,,,,,LONGS HA,,"LONGS DRUG STORES, (HAWAII)",,,,,,,,,
2800 LAKESIDE DRIVE,"BANNOCKBURN, IL 60015",U.S.A.,,,,,,LTD,MERCHANDISING@LTDCOM,LTD COMMODITIES LLC,847-735-9745,,Wed Sep 01 2004 07:00:00 GMT+0700 (Indochina Time),,,,847-295-5501,,ICETANG
"P.O. BOX 6970, DUBAI, U.A.E.",,,,,HAMDI A. SOLANJI,,,M.E.M.,,MIDDLE EAST MARKETING COMPANY,0029714692443,,,,,,696436,,IVY
5401 W. DONGES BAY ROAD,"MEQUON, WI 53092",U.S.A.,,,,,,M.W.KASC,,M.W. KASCH COMPANY,414-242-9345,,,,,,,,
"19400 HOLLAND RD.,","BROOK PARK, OH 44142",U.S.A.,,,,,,MARC GLA,,"MARC GLASSMAN, INC.",,,Mon Nov 03 2008 07:00:00 GMT+0700 (Indochina Time),,,,,,MCCHUNG
"P.O. LOCK DRAWER E,","WOONSOCKET, R.I. 02895,",U.S.A.,,,,,,MARK-AUG,,"MARK STEVEN SERVICE MERCHANDISING,INC.",,,Tue Sep 27 2005 07:00:00 GMT+0700 (Indochina Time),,,,,,IVY
"P.O. LOCK DRAWER E,","WOONSOCKET, R.I. 02895,",U.S.A.,,,,,,MARK-BES,,"MARK STEVEN SERVICE MERCHANDISER,INC",,,,,,,,,
"P.O. LOCK DRAWER E,","WOONSOCKET, R.I. 02895,",U.S.A.,,,,,,MARK-DOW,,"MARK STEVEN SERVICE MERCHANDISER,INC",,,,,,,,,
"P.O. LOCK DRAWER E,","WOONSOCKET, R.I. 02895,",U.S.A.,,,,,,MARK-FRE,,"MARK STEVEN SERVICE MERCHANDISER,INC",,,,,,,,,
"P.O. LOCK DRAWER E,","WOONSOCKET, R.I. 02895,",U.S.A.,,,,,,MARK-HEN,,"MARK STEVEN SERVICE MERCHANDISER,INC",,,,,,,,,
"P.O. LOCK DRAWER E,","WOONSOCKET, R.I. 02895,",U.S.A.,,,,,,MARK-IND,,"MARK STEVEN SERVICE MERCHANDISER,INC",,,,,,,,,
"P.O. LOCK DRAWER E,","WOONSOCKET, R.I. 02895,",U.S.A.,,,,,,MARK-KNO,,"MARK STEVEN SERVICE MERCHANDISER,INC",,,,,,,,,
"P.O. LOCK DRAWER E,","WOONSOCKET, R.I. 02895,",U.S.A.,,,,,,MARK-LUM,,"MARK STEVEN SERVICE MERCHANDISER,INC",,,,,,,,,
"P.O. LOCK DRAWER E,","WOONSOCKET, R.I. 02895,",U.S.A.,,,,,,MARK-NEW,,"MARK STEVEN SERVICE MERCHANDISER,INC",,,,,,,,,
"P.O. LOCK DRAWER E,","WOONSOCKET, R.I. 02895,",U.S.A.,,,,,,MARK-NOR,,"MARK STEVEN SERVICE MERCHANDISER,INC",,,,,,,,,
"P.O. LOCK DRAWER E,","WOONSOCKET, R.I. 02895,",U.S.A.,,,,,,MARK-NOV,,"MARK STEVEN SERVICE MERCHANDISER,INC",,,,,,,,,
"P.O. LOCK DRAWER E,","WOONSOCKET, R.I. 02895,",U.S.A.,,,,,,MARK-SMI,,"MARK STEVEN SERVICE MERCHANDISER,INC",,,,,,,,,
"P.O. LOCK DRAWER E,","WOONSOCKET, R.I. 02895,",U.S.A.,,,,,,MARK-SOM,,"MARK STEVEN SERVICE MERCHANDISER,INC",,,,,,,,,
"P.O. LOCK DRAWER E,","WOONSOCKET, R.I. 02895,",U.S.A.,,,,,,MARK-WOO,,"MARK STEVEN SERVICE MERCHANDISER,INC",,,,,,,,,
50 SERVICE AVE.,"WARWICK, RHODE ISLAND 02886",U.S.A.,,,,,,MAXI DRU,,MAXI DRUG INC.,401-825-3970,,,,,,401-825-3978,,COCO
3400 ST. CLAIR AVE.,CLEVELAND OH 44114,U.S.A.,,,,,,MAYERS,,MAYERS GIFTWARE INC.,,,,,,,,,
"FLAT M, 3/F., KAISER ESTATE PHASE 3,","11 HOK YUEN STREET,","HUNGHOM, KOWLOON, HONG KONG.","FOR ACCOUNT OF MCCRORY STORES, U.S.A",,,,,MCCRORY,,ASIA GLOBAL HONG KONG LTD.,00217177578178,(FOR MCCRORY),,,,,,,
2929 WALKER AVE. N.W.,"GRAND RAPIDS, MI 49544",U.S.A.,,,,,,MEIJER,,"MEIJER, INC.",,,Thu Nov 03 2022 07:00:00 GMT+0700 (Indochina Time),,,,,,IVY
"5931 CAMPUS CIRCLE DRIVE,","LAS COLINAS BUSINESS PARK,","IRVING. TX 75063,",U.S.A.,,NICK LAI (AGENT),,,MICHAEL,,MICHAELS STORES PROCUREMENT CO. INC.,,,Fri Jan 04 2013 07:00:00 GMT+0700 (Indochina Time),,,,852-3101-1658,,IVY
BERGA ALLE 3,254 52 HELSINGBORG,SWEDEN,,,,,,MIKKEL-1,,MIKKELBORG AB,46-423-83851,,,,,,46-431-445660,,
BERGA ALLE 3,254 52 HELSINGBORG,SWEDEN,,,,,,MIKKELBO,,MIKKELBORG AB,46-423-83851,,,,,,46-431-445660,,
41 WEST 8TH AVENUE,OSHKOSH WISCONSIN,54906-0100 U.S.A.,,,,,,MILES KI,,MILES KIMBALL,,,,,,,,,COOKIE
48 LIBERTY STREET,"METUCHEN, NJ 08840",,,,,,,MODERN,,MODERN MAGIC INC.,,,Thu Apr 28 2005 07:00:00 GMT+0700 (Indochina Time),,,,,,COCO
5455 S. 90TH STREET,"RALSTON, NE. 68127.",,,,,,,MORRIS,,"ORIENTAL TRADING COMPANY, INC.",,,Tue May 16 2023 07:00:00 GMT+0700 (Indochina Time),,,,,,IVY
10338 S. PROGRESS DR.,P.O. BOX 160,"PARKER, CO 80134",U.S.A.,,,,,MOUNTAIN,,MOUNTAIN MAN NUT & FRUIT CO.,,,,,,,,,COCO
"755 WEST BIG BEAVER ROAD,","SUITE 1600, TROY MI 48084",U.S.A.,,,,,,MR.BULKY,,MR. BULKY TREATS & GIFTS,,,,,,,,,
261 WHITE'S PATH,"SOUTH YARMOUTH, MASSACHUSETTS 02664",,,,,,,NANTUCKE,,NANTUCKET DISTRIBUTING,,,,,,,508 394 1206,,
111 HEMPSTEAD TPKE,"WEST HEMPSTEAD, NY 11552",,,,,,,NATIONAL,,NATIONAL WHOLESALE LIQUIDATORS,,,,,,,,,
STASEGEMSESTEENWEG 72,8500 KORTRIJK,BELGIUM,,,,,,NICOTOY,,N.V. NICOTOY S.A.,,,,,,,,,
26 CLINTON AVE,"VALLEY STREAM, NY 11580",USA,,,,,,NOVELTY,,NOVELTY POSTER COMPANY,,,,,,,,,
"375 COMMERCE PARK ROAD NO. KINGSTOWN,","RI, USA 02852",,,,,,,OCEAN ST,S.VIERRA@OSJL.COM,"OCEAN STATE JOBBERS, INC.",401.885.0359,,,,,,401.295.2672,,JENI
P.O. BOX 2500,"NORFOLK, VIRGINIA 23501-2500",U.S.A.,,,,,,ONLY ONE,,"DOLLAR TREE STORES, INC.",,,,,,,,,
TRACY DISTRIBUTION CENTER,2650 N. MACARTHUR DR.,"TRACY, CA 95376",,,,,,ORCHARD,,ORCHARD SUPPLY HARDWARE,,,Fri Jun 10 2005 07:00:00 GMT+0700 (Indochina Time),,,,,,LESLEY
5455 SOUTH 90TH STREET,"RALSTON, NE. 68127.",,,,,,,ORIENTAL,,"ORIENTAL TRADING CO., INC.",(402)331-3873,,,,,,(402)596-1200,,JENI
25 CENTRAL WAY,"SUITE 220 KIRKLAND, WA 98033",U.S.A.,,,,,,PACIFIC,,PACIFIC TRADE SERVICES INCORPORATED,425 827-5508,,,,,,425 827-3436,,
UNIT 1 BEECHILL BUSINESS PARK,96 BEECHILL ROAD,BELFAST BT8 7QN,"NORTHERN IRELAND, UK",,BRENT PALMER,,,PALMER,,PALMER AGENCIES LTD.,(6/25/02-MS),(011) 442 890 332278,Thu Apr 20 2023 07:00:00 GMT+0700 (Indochina Time),,,,,44 (0) 28 9064 7119,IVY
7630 EXCELSIOR BLVD.,ST. LOUIS PARK MN 55426,,,,,,,PAPER,,PAPER WAREHOUSE,612-936-9800,,,,,,612-936-1000,,ICETANG
4455 W. LAWRENCE ST.,APPLETON WI 54914,,,,,,,PAPER FA,,PAPER FACTORY,,,,,,,,,
,,,,,,,,PARTY CI,,PARTY CITY,,,,,,,,,
4455 W. LAWRENCE ST.,APPLETON WI 54914,,,,,,,PARTY CO,,"PARTY CONCEPTS, INC.",,,,,,,,,COCO
"105 RESEARCH ROAD,","HINGHAM, MA. 02043,",U.S.A.,,,,,,PARTY EX,,PARTY EXPERIENCE,,,,,,,,,
"AV. BORGES DE MEDEIROS, 3647",RIO DE JANEIRO RJ BRASIL,CEP: 22470-001,,,,,,PARTY PE,,PARTY PEOPLE COMMERCIAL LTDA,,,,,,,,,
9108 PITTSBURGH AVENUE,"RANCHO CUCAMONGA, CA 91730",,,,,,,PARTY PR,,"PARTY PROFESSIONALS, INC.",,,,,,,,,
"1314 S. HIGH SCHOOL RD.,","INDIANAPOLIS IN 46216,",U.S.A.,,,,,,PATRIOTI,,PATRIOTIC FIREWORKS,,,,,,,,,
"9275 S.W. PEIJTON LANE,","WILSONVILLE OREGON 97070,",U.S.A.,,,,,,PAYLESS,,K-MART CORP. FOR PAYLESS INTL. DEPT.,,,,,,,,,
STATE FAIR BLVD AND VAN VLECK ROAD,P.O. BOX 4975,"SYRACUSE, NY 13221",,,BRUCE KIEFFER,,,PENN TRA,,PENN TRAFFIC CO.,,,,,,,,,COCO
101 MARCUS DRIVE,"MELVILLE, NY 11747",U.S.A.,,,,,,PERGAMEN,,PERGAMENT HOME CENTERS,,,,,,,,,
20 FEDERAL PLAZA WEST,"YOUNGSTOWN,OHIO 44501-0400",U.S.A.,,,,,,PHAR-MOR,,"PHAR-MOR, INC.",,,,,,,,,
860 BROADWAY,"NEW YORK, N.Y. 10003",U.S.A.,,,,,,PHARMHOU,,PHARMHOUSE CORPORATION,,,,,,,,,
"CAE MAWR INDUSTRIAL ESTATE,","TREORCHY, MID. GLAMORGAN CF42 6EJ,",U.K.,,,,,,PORTH,,PORTH INNOVATIONS LTD.,,,,,,,,,
1711 SCHEURING ROAD,"DE PERE, WI 54115",U.S.A.,,,CHERIE RIEMER,,,PRANGE W,,"PRANGE WAY, INC.",,,,,,,,,
WERKSGASSE 5 - 9,AT-2512 OEYNHAUSEN,AUSTRIA.,,,FRIEDRICH SCHMID,,,PRESSBUR,PRESSBURGER@NET ...,SIEGFRIED PRESSBURGER & CO GESMBH.,02252-47477,,Mon Mar 15 2004 07:00:00 GMT+0700 (Indochina Time),,,,02252-84267,,JOANNE
"VIA DE SANCTIS, 43",20141 MILANO,ITALY,,,,,,PRIME,,PRIME SRL,390289516520,,,,,,390289516506,,
CHEMIN DE COCAGNE 43,1030 BUSSIGNY-LAUSANNE,SUISSE,,,JEAN ZIMMERMANN,,,PRO-BALL,,BALLON MULLER DIFFUSION SARL,00233388491441,,,,,THIEBAUT,88.49.14.24,,
"3, RUE JEAN BUGATTI",B.P.24 - DUTTLENHEIM,67127 DUPPIGHEIM CEDEX,,,JEAN ZIMMERMANN,,,PRO-FETE,,PRO-FETES,00233388491441,,,,,THIEBAUT,88.49.14.24,,COCO
P.O. BOX 636,59656 VILLENEUVE D'ASQ,FRANCE,,,,,,PROFETE1,,AUCHAN,,,,,,,,,
"4, RUE DU CHATEAU",92500 RUEIL MALMAISON,FRANCE,,,,,,PROFETE2,,REV'CREATION,33-320755026,revart@nordnet.fr,,,,,,(RFWF 12/8/99),
7601 DURAND AVENUE,"RACINE, WI 53408",,,,GUSTAVO MIRANDA,,,PROMOTIO,,PROMOTIONS UNLIMITED CORPORATION,414 6817001,,,,,,414 6817000,,IVY
P.O. BOX 8432,"HARRISBURG, PA. 17105",U.S.A.,,,,,,RITE AID,,RITE AID CORPORATION,,,,,,,,,COOKIE
"P.O. BOX 8432,","HARRISBURG, PA. 17105,",U.S.A.,,,,,,R.AID.AL,,RITE AID CORPORATION.,,,,,,,,,
"P.O. BOX 8432,","HARRISBURG, PA. 17105,",U.S.A.,,,,,,R.AID.CA,,RITE AID CORPORATION.,,,,,,,,,
P.O. BOX 8432,"HARRISBURG, PA. 17105",U.S.A.,,,,,,R.AID.FL,,RITE AID CORPORATION,,,,,,,,,
P.O. BOX 8432,"HARRISBURG, PA. 17105",U.S.A.,,,,,,R.AID.MD,,RITE AID CORPORATION,,,,,,,,,
P.O. BOX 8432,"HARRISBURG, PA. 17105",U.S.A.,,,,,,R.AID.MI,,RITE AID CORPORATION,,,,,,,,,
"P.O. BOX 8432,","HARRISBURG, PA. 17105,",U.S.A.,,,,,,R.AID.NV,,RITE AID CORPORATION.,,,,,,,,,
"P.O. BOX 8432,","HARRISBURG, PA. 17105,",U.S.A.,,,,,,R.AID.NY,,RITE AID CORPORATION.,,,,,,,,,
"P.O. BOX 8432,","HARRISBURG, PA. 17105,",U.S.A.,,,,,,R.AID.OR,,RITE AID CORPORATION.,,,,,,,,,
"P.O. BOX 8432,","HARRISBURG, PA. 17105,",U.S.A.,,,,,,R.AID.PA,,RITE AID CORPORATION,,,,,,,,,
P.O. BOX 8432,"HARRISBURG, PA. 17105,",U.S.A.,,,,,,R.AID.SC,,RITE AID CORPORATION,,,,,,,,,
"P.O. BOX 8432,","HARRISBURG, PA. 17105,",U.S.A.,,,,,,R.AID.UT,,RITE AID CORPORATION.,,,,,,,,,
"P.O. BOX 8432,","HARRISBURG, PA. 17105,",U.S.A.,,,,,,R.AID.WV,,RITE AID CORPORATION.,,,,,,,,,
"111 WAGARAW ROAD,",HAWTHORNE NJ 07506,U.S.A.,,,REVISED ADDRESS,,,RAG SHOP,,THE RAG SHOP,"FAX 3/10-30,97",,,,,,AS PER F.W.'S,,COCO
P.O. BOX 15618,"SACRAMENTO, CALIFORNIA",916-373-6409 95852,U.S.A.,,,,,RALEY'S,,RALEY'S SUPERMARKETS,,,Wed Jan 07 2009 07:00:00 GMT+0700 (Indochina Time),,,,,,FANNY
3800 SE 22ND AVENUE,"PORTLAND, OR 97202-2918",U.S.A.,,,,,,RALPH'S,,"FRED MEYER, INC. DBA KROGER",,,Thu Apr 10 2014 07:00:00 GMT+0700 (Indochina Time),,,,,,IVY
PO BOX 42121,3800 S.E. 22ND AVE.,"PORTLAND, OREGON 97242",,,,,,RALPHS/F,,RALPH'S/FOOD - 4 - LESS,,,,,,,,,
ALFONSO JUNCO NO.4,CUERNAVACA,MEXCIO,,,,,,REV,,PLASTICOS Y VINILOS  REV SA DE CV,,,,,,,,,
46 Avenue de Peuple Belge,59800 Lille France,,,,,,,REV'ART,,REV'ART INTERNATIONAL,0320755026,,,,,,0320755051,,COCO
IMPORT DISTRIBUTION CENTER,1925 ENTERPRISE PKWY,"TWINSBURG, OH 44087",U.S.A.,,,,,REVCO,,"REVCO D.S., INCORPORATED",,,,,,,,,
"P.O. BOX 1185,","SIOUX FALLS, SD 57101-1185,",U.S.A.,,,,,,RICH,,RICH BROTHERS CO.,,,,,,,,,
35 CONGRESS STREET,"SALEM, MASS. 01970",U.S.A.,,,,,,RICH'S,,"RICH'S DEPARTMENT STORES, INC.",,,,,,,(508) 741-5800,,
P.O. DRAWER 947,"HENDERSON, N.C. 27536",U.S.A.,,,,,,ROSE'S S,,"ROSE'S STORES, INC.",,,,,,,,,COCO
3401 GRESHAM'S LAKE ROAD,"RALEIGH, NC 27619",U.S.A.,,,,,,ROSE-1,,"VARIETY WHOLESALERS, INC.",,,Tue Aug 12 2014 07:00:00 GMT+0700 (Indochina Time),,,,,,IVY
150 MIDDLEFIELD ROAD,"TORONTO, ONTARIO M1S 4L6",CANADA,,,4164231133,,,ROYAL,,ROYAL SPECIALTY SALES,,,Thu Nov 27 2014 07:00:00 GMT+0700 (Indochina Time),,,,,,JENI
233 BROADWAY (WOOLWORTH BUILDING),"NEW YORK CITY, NEW YORK 10279,",U.S.A.,,,,,,RX-PLACE,,F.W. WOOLWORTH CO. (FOR EX PLACE),,,,,,,,,
"5918 STONERIDGE MALL ROAD,","PLEASANTON, CA 94588 - 3229,",U.S.A.,­»´ä¤EÀs®ü´ä«°´ä«Â¤j·H²Ä¤»®y1912-1914«Ç,,SCOTT HARMS,,,SAFEWAY,EFFECTIVE 11/21/03,SAFEWAY GLOBAL SOURCING LIMITED,925-569-7003,,Tue Jan 06 2009 07:00:00 GMT+0700 (Indochina Time),,,,925-469-7796,,IVY
"NO. 29-12, 2-CHOME ASAKUSABASHI",TAITO-KU,"TOKYO-111, JAPAN.",,,RIKI SAIGA,,,SAIGA,,"SAIGA & CO., LTD.",81338665235,81338625710,,,,,81338631913,,
"3-16-5 KOTOBUKI, TAITO-KU,","TOKYO, JAPAN.",,,,,,,SAKAI,,"SAKAI & CO., LTD.",,,,,,,,,
"AV. BORGES DE MEDEIROS, 3647",RIO DE JANEIRO RJ BRASIL,CEP: 22470-001,,,,,,SALVATAR,,SALVATAR,,,,,,,,,
"AVDA, PAU CASALS, 125",08907 L'HOSPITALET (BARCELONA),SPAIN,,,,,,SANROMA,,"SANROMA I, S.L.",933371915,,Tue Jun 12 2007 07:00:00 GMT+0700 (Indochina Time),,,,933383151,,JENI
20138 MILANO - ITALY,VIA DEI PESTAGALLI 3,,,,GIORGIA SARTI,,,SARTI,,SARTI S.R.L.,39255400053,,,,,,3928013442,,
14 SBAR BLVD.,(OFF LENOLA ROAD),"MOORESTOWN, NJ 08057",U.S.A.,,,,,SBAR'S,,SBAR'S INC.,856-439-0989,IMPORT:856-234-2376,Wed Aug 13 2008 07:00:00 GMT+0700 (Indochina Time),,,,,,COOKIE
HIRSEMARKEN 3,FARUM DENMARK 3520,,,,,,,SCANBOX,,SCANBOX DANMARK A/S,,,,,,,,,
"1005 MAIN STREET,","PAWTUCKET, RI 02860,",U.S.A.,,,,,,SCHOOL H,,SCHOOL HOUSE CANDY CO.,,,,,,,,,
10 AVENUE DE MESSINE,75008 PARIS,FRANCE,,,,,,SEANCE,,SEANCE PRIVEE,,,,,,,,,
"8800 'F' STREET OMAHA,",NEBRASKA  68127,U.S.A.,,,,,,SEAWAY,,PAMIDA HOMETOWN VALUES (OLD),,,Tue Sep 08 2009 07:00:00 GMT+0700 (Indochina Time),,,,,,CARMAN
"8800 'F' STREET OMAHA,",NEBRASKA  68127,U.S.A.,,,,,,SEAWAY-O,,SEAWAY IMPORTING COMPANY.,,,,,,,,,
"EASTHAM HOUSE,","COPSE ROAD,","FLEETWOOD, LANCASHIRE,",FY7 7NY. U.K.,,ALAN SMITH,,,SELLVAST,,SELLVAST,(0253) 878711,,,,,,(0253) 778888,,
O/B NATIONAL MERCHANDISE,14500 HYATT ROAD,"JACKSONVILLE, FLORIDA 32218",,,,,,SETICO,,SETICO IMPORT COMPANY,,,,,,,,,
700 PILGRIM WAY,P.O. BOX 19060,"GREEN BAY, WI 54307-9060",U.S.A.,,,,,SHOPKO,,"SHOPKO STORES OPERATING CO., LLC",,,Fri Jul 10 2009 07:00:00 GMT+0700 (Indochina Time),,,,,,CARMAN
C/O PRGX GLOBAL INC,"60 COURTNEYPARK DR W., UNIT 4","MISSISSAUGA L52OB3, CANADA",,,,,,SHOPPERS,,SHOPPERS DRUG MART,,,Mon Nov 14 2005 07:00:00 GMT+0700 (Indochina Time),,,SDM,,,IVY
2640 RAIN TREE LAKE CIR.,"MERRITT ISLAND, FLORIDA 32953",,,,,,,SHOW EXP,,SHOW EXPO USA,,,,,,,,,
211 W. MAIN ST. - SUITE 217,"CARPENTERSVILLE, IL 60110",(C/O CDMA),,,TAMMY TALIC,,,SHU/CDMA,,TIGER IMPORT SERVICES,847 836-5303,,,,,,847 836-5624,,
"C/O SHURFINE INTERNATIONAL, INC.","ROOM 1101, 11TH FLOOR, TOWER 2,","HARBOUR CENTRE, 8 HOK CHEUNG STREET,","HUNGHOM, KOWLOON, KLN.",,,,,SHURFINE,,ELITE ENTERPRISES LIMITED,,,,,,,,,
52 RUE CAMILLE DESMOULINS,92451 ISSY LES MOULINEAUX CEDEX,FRANCE,,,,,,SIPLEC,,SOCIETE D'IMPORTATION EDOUARD LECLERC,,,,,,,01.46.62.52.00,TELEX: 631503 SPLEC,COCO
30 SANDFORD FLEMING DR,"COLLINGWOOD, ONTARIO,","L9Y 4V7, CANADA.",,,,,,SKS NOVE,,SKS NOVELTY CO. LTD.,705 4445744,sks@georglan.net,Tue Jul 24 2007 07:00:00 GMT+0700 (Indochina Time),,,,705 4445653,,WINNIE
P.O. BOX 30250,"SALT LAKE CITY, UTAH, 84130-0250.",U.S.A.,,,,,,SMITH'S,,"SMITH'S FOOD & DRUG CENTERS, INC.",,,,,,,,,
"193 BOSTON TURNPIKE,","P.O. BOX 11, TURNPIKE STATION","SHREWSBURY, MA 01545-0611",U.S.A.,,,,,SPAG'S,,"SPAG'S SUPPLY, INC.",,,,,,,508-799-2570,,COCO
850 76TH ST. SW,P.O. BOX 8700,GRAND RAPIDS MI 49518,616-878-2000,,,,,SPARTAN,,"SPARTAN STORES, INC.",,,,,,,,,
"6826 BLACK HORSE PIKE,","EGG HARBOR TOWNSHIP,","N.J. 08234, U.S.A.",,,,,,SPENCER,,"SPENCER GIFTS, LLC.",,,Mon Jul 03 2023 07:00:00 GMT+0700 (Indochina Time),,,,,,ICETANG
2277 NATIONAL AVE.,"HAYWARD, CA. 94545,",U.S.A.,,,,,,SPIRIT,,"SPIRIT HALLOWEEN SUPERSTORES, INC.",887-0832,,,,,,887-1315,,
1411 S.W. MORRISON ST.,P.O. BOX 8996,"PORTLAND, OR 97208",U.S.A.,,,,,SPROUSE,,"SPROUSE REITZ STORES, INC.",,,,,,,,,
1800 N. 12TH ST.,"READING, PA 19604,",U.S.A.,,,,,,STICHLER,,STICHLER PRODUCTS INC.,,,,,,,,,IVY
IMPORTACAO EXPORTACAO LTDA.,AV. PEREIRA PASSOS,"742 PORTO ALEGRE,",RS BRASIL 91900.,,,,,STRECK,,STRECK COMERCIO DE,,,,,,,,,
"FLAT B, 2/F., HAYWOOD MANSION,","57 PATERSON ST., CAUSEWAY BAY,",HONG KONG.,,,,,,SUPER DE,,"SUPER DECISION CO., LTD.",28902731,,,,,,28902500,,IVY
"(G. SUAREZ & SON, INC.)",G.P.O. BOX 4911,"SAN JUAN, KPUERTO RICO 00936-4911,",U.S.A.,,,,,SUZREZ,,SUZREZ TOY HOUSE OF P.R.,,,,,,,,,
"2/F., HONG KONG SPINNERS BUILDING,","800 CHEUNG SHA WAN ROAD, KOWLOON.",,,,,,,SWIRE,,SWIRE & MACLAINE LTD.,7865211,,,,,,3107888,,
LANDERWIESEN 3,D-70771 LEINFELDEN,GERMANY.,,,,,,SZEPAN,,MERCHANDISE SZEPAN,,,,,,,,,COCO
C/O TRADE SERVICES INTERNATIONAL LTD,AUTHORIZED AGENT,800 THORNDALE AVENUE,"BENSENVILLE, IL 60106-1138, USA.",,,,,T.S.I.,,"AMERICAN DRUG STORES, INC.",708-238-1040,,,,,,708-238-1001,,COCO
C/O TRADE SERVICES INTERNATIONAL LTD,AUTHORIZED AGENT,800 THORNDALE AVENUE,"BENSENVILLE, IL 60106-1138, USA.",,,,,T.S.I.-1,,"AMERICAN DRUG STORES, INC.",708-238-1040,,,,,,708-238-1001,,
"SUPPLIES CO., LTD. 15/FL., NO.1512,","CHEUNG FUNG INDUSTRIAL BLDG.,","23-39 PAK TIN PA ST., TSUEN WAN,N.T.",(C/O FACTORY CARD OUTLET),,JOE NG,,,T.SHING,,TUNG SHING STATIONERY & OFFICE,24920690,24157005,,,,,24123667,24980683,
"33 SO. SIXTH STREET,",P.O. BOX 1392,"MINNEAPOLIS, MINN. 55440",U.S.A.,,,,,TARGET,,TARGET(A.DIV. OF DAYTON HUDSON CORP),,,,,,,,,IVY
"33 SO. SIXTH STREET,",P.O. BOX 1392,"MINNEAPOLIS, MINN. 55440",U.S.A.,,,,,TARGET-1,,TARGET(A.DIV. OF DAYTON HUDSON CORP),,,,,,,,,COCO
"14281 WELCH ROAD,","DALLAS, TX. 75244",U.S.A.,,,,,,TEXAS,,TEXAS DRUG WAREHOUSE,(214) 384-6686,,,,,,(214) 960-9000,,
TI WELL HOUSE,PAILLION QUAY,"PAILLION, SUNDERLAND","TYNE & WEAR, UK SR4 5TG",,,,,TI-WELL,,CENTURY VENTURES LTD.,,,,,,,,,
"7711 GROSS POINT ROAD,","SKOKIE, IL. 60077-2697",U.S.A.,,,JIM HOBBS,,,TOPCO,,"TOPCO ASSOCIATES, INC.",8476763075,,,,,,8476763030,,
"UNIT 12, 129A LAKE STREET,","P.O. BOX 5090,","CAIRNS MAIL CENTRE,","CAIRNS Q4876, AUSTRALIA",,,,,TOY CORP,,TOY CORPORATION,,,,,,,,,
18915 - 84TH AVE.S.,KENT WA 98032,U.S.A.,BUYER: NANCY STOREY,,,,,TOYSMITH,,TOYSMITH,(206)3953306,(800)4350703,,,,,(206)3953644,(800)3560474,
"FLAT M, 3/F., KAISER ESTATE PHASE 3,","11 HOK YUEN STREET, HUNGHOM, KLN.","FOR A/C FOR MCCRORY STORES, U.S.A.",,,,,,TRADEPOW,,"TRADEPOWER ASSO., LTD.",7641374,,,,,,3644301,,
"100 CORPORATE DRIVE,","MAHWAH, NEW JERSEY 07430,",U.S.A.,,,,,,TROLL,,TROLL ASSOCIATES INC.,,,,,,,201 529 4000,,
"170 PROFESSIONAL CENTER DRIVE,","ROHNERT PARK, CA. 94928-2149",,,,,,,TROLL-1,,TROLL LEARN & PLAY,,,,,,,,,
308 S DIVISION,"HARVARD, IL 60033-3058",U.S.A.,,,,,,TRU SERV,,TRUSERV CORPORATION (TRUE VALUE),,,,,,,,,
P.O. BOX 1222,"BUTLER, PA 16003-1222",U.S.A.,,,,,,TRUSERV1,,TRUSERV CORPORATION (SERVISTAR),,,,,,,,,
5000 WINNETKA AVE. N.,"NEW HOPE, MN 55428",U.S.A.,,,,,,UNIVERSA,,"UNIVERSAL INTERNATIONAL, INC.",612 5331158,,,,,,612 5331169,,
CONSTRUCTIVE PLAYTHINGS,1227 EAST 119TH STREET,"GARDVIEW, MISSOURI 64030-1117",U.S.A.,,,,,US TOY,,"U.S. TOY CO., INC.",,,,,,,,,
"6 SOULIOU STREET ACHARNAI,",P.C 13674 GREECE,TEL: +30-210-2402555,FAX: +30-210-2400570,,EFF.FR.09/01/99,,,V.CHRIST,,V. CHRISTAKOPOULOS S.A.,30-210-2400570,EMAIL PLUSH@ACCI.GR,Mon Nov 17 2014 07:00:00 GMT+0700 (Indochina Time),,,,30-210-1240255,,JENI
"12/F., CITICORP CENTRE,","18 WHITFIELD ROAD,","CAUSEWAY BAY, HONG KONG",C/O VENTURE STORES,,,,,VENTURE,,COLBY INTERNATIONAL LTD.,,,,,,,,,
INDUSTRIELAAN 15,B-8520 KUURNE,BELGIUM,,,JIEKE DEGRAEVE,,,VOLCKE E,,VOLCKE EUROPE N.V.,0023256353069,,,,,,056/35.16.73,,
S. de R.L. de C.V. AV. NEXTENGO #78,COL. STA. CRUZ ACAYUCAN,"DELG. AZCAPOTZALCO 02770,MEXICO D.F.",RFC:CMA-910911-9L0,,,,,W-CIFRA,,"COMERCIALIZADORA MEXICO AMERICANA,",,,,,,,,,
S. de R.L. de C.V. NEXTENGO #78,COL. STA. CRUZ ACAYUCAN DEL,"AZCAPOTZALCO, CP 02770, MEXICO DF",RFC CMA 9109119L0,,,,,W-MEXICO,,"COMERCIALIZADORA MEXICO AMERICANA,",,,,,,,,,COCO
"P.O. BOX 23576, PORTLAND,",OR 97281,,,,,,,W.FAMILY,,MCKENZIE BUYING CO.,,,,,,,,,
355 DAVIDSONS MILL ROAD,JAMESBURG NJ 08831,U.S.A.,,,,,,WAKEFERN,,WAKEFERN GENERAL MERCHANDISE,,,,,,,,,ICETANG
"2/FL, KERRY CENTER 2008,","RENIMIN NAN RD,","LUOHU DISTRICT, SHENZHEN 518001",(WAL-MART ASDA),,,,,WAL-ASDA,,WAL-MART GLOBAL PROCUREMENT - SZ (ASDA),,00219058216351,Tue May 06 2008 07:00:00 GMT+0700 (Indochina Time),,,,,,ICETANG
"1940 ARGENTIA ROAD,","MISSISSAUGA, ONTARIO,","L5N1P9, CANADA",,,RUBY ZHU / VIVIEN CHEN,,,WAL-CAN,Ruby.Zhu@walmart.com,WAL-MART CANADA CORP,,00219058216351,Thu Nov 20 2014 07:00:00 GMT+0700 (Indochina Time),,,,8675582218464,8675582218574,ICETANG
"2/FL., KERRY CENTER 2008,","RENMIN NAN RD.,","LUOHU DISTRICT, SHENZHEN, 518001","(C/O WAL-MART, GERMANY)",,,,,WAL-GER,,WAL-MART GLOBAL PROCUREMENT-SZ,(852)2375-4722,,Sat Jul 03 2004 07:00:00 GMT+0700 (Indochina Time),,,,(852)2737-9111,,COCO
"2/FL., KEERY CENTER 2008,","RENMIN NAN RD.,","LUOHU DISTRICT, SHENZHEN 518001","(C/O WAL-MART, MEXICO)",,,,,WAL-MEX,,WAL-MART GLOBAL PROCUREMENT - SZ,(852)2375-4722,,,,,,(852)2737-9111,,IVY
"2/FL., KERRY CENTER 2008,","RENMIN NAN RD.,","LUOHU DISTRICT, SHENZHEN 518001","(C/O WAL-MART, PUER RICO)",,,,,WAL-PUER,,WAL-MART GLOBAL PROCUREMENT -SZ,(852)2375-4722,,Fri Jan 26 2007 07:00:00 GMT+0700 (Indochina Time),,,,(852)2737-9111,,CARMAN
"2/FL, KERRY CENTER 2008,","RENMIN NAN RD,","LUOHU DISTRICT, SHENZHEN 518001",²`¦`¥«Ã¹´ò°Ï¤H¥Á«n¸ô2008¸¹¹Å¨½¤¤¤ß¤G¼Ó,,,,,WAL-USA,,WAL-MART GLOBAL PROCUREMENT - SZ (USA),,,Mon Apr 23 2007 07:00:00 GMT+0700 (Indochina Time),,,,,,IVY
"200 WILMOT ROAD,","DEERFIELD, ILLINOIS 60015",U.S.A.,,,,,,WALGREEN,,WALGREEN COMPANY,,,,,,,,,COOKIE
1500 BROOKS AVENUE,P.O. BOX 30844,"ROCHESTER, NY 14603-0844",,,,,,WEGMANS,,WEGMANS FOOD MARKETS INC.,,,Fri Jul 26 2019 07:00:00 GMT+0700 (Indochina Time),,,,,,PHYLLIS
IMPORTERS & DISTRIBUTORS OF FUN,"UNIT B4, 11-15 MOXON ROAD,","PUNCHBOWL 2196, SYDNEY NSW AUSTRALIA","POSTAL:PO BOX 810,RIVERWOOD NSW 2210",,BRUCE MCKECHNIE,,,WEIRDO,,WEIRDO (IMPORTS)  PTY LTD.,,,,,,,61297098666,,JENI
"9667 CANOGA AVE,",P.O. BOX 3879,"CHATSWORTH, CA. 91313",,,,,,WESTERN,,WESTERN TRIMMING CORP.,,,,,,,,,
4038 HIGHWAY #7,"UNIONVILLE, ON",L3R 2L5,CANADA,,,,,WHITE,,WHITE ROSE CRAFTS AND NURSERY SALES,905-477-9432,,,,,,905-477-3330,,
"34135 CARDINAL LANE,","EUSTIS, FLORIDA 32726",U.S.A.,,,,,,WHITE RO,,"WHITE ROSE NURSERIES LIMITED, INC.",9045890480,18135411823,,,,,9045899449,,
"UNIT B, 1/F., SPEEDY INDUSTRIAL BLDG","114 HOW MING STREET, KWUN TONG,","KOWLOON, HONG KONG.",,,,,,WINMATE,,WINMATE DEVELOPMENT LIMITED,,,,,,,,,
4342 N. PANAM EXPRESSWAY,"SAN ANTONIO, U.S.A.",,,,,,,WINN'S S,,"WINN'S STORES, INC.",,,,,,,,,
"UNIT 1310, 13/F., HARBOUR CENTRE,","TOWER 1, 1 HOK CHEUNG ST.,","HUNG HOM, KOWLOON, HONG KONG.",C/O GERSON INTERNATIONAL,,WILLIAM WAN,,,WISEPOLY,GIL@GERSONHK.COM,GERSON INTERNATIONAL (H.K.) LIMITED,23113521,,Tue Feb 03 2004 07:00:00 GMT+0700 (Indochina Time),,,,23117882,,IVY
2200 LAPHAM DRIVE,"MODESTO, CA 95354",U.S.A.,,,,,,WONDER,,"WONDERTREATS, INC.",,,,,,,,,
"P.O. BOX 1224,","MINNEAPOLIS, MINNESOTA 55440",U.S.A.,,,,,,WORLD WI,,"WORLD WIDE, INC.",,,,,,,,,
"11300 N.W. 131 STREET,","MEDLEY, FL 33178",U.S.A.,,,,,,WRT,,"WRT WORLD ENTERPRISES, INC.",305-883-0500,,,,,,305-884-3700,,
"401 BAY STREET,","TORONTO, ONTARIO,",CANADA M5H 2Y4.,,,,,,ZELLERS,,ZELLERS INC. C/O HUDSON'S BAY COMPANY,1-416-861-4517,,Mon Jun 05 2006 07:00:00 GMT+0700 (Indochina Time),,,,1-416-861-4330,,IVY
ZEPPELINSTRASSE 41,73760 OSTFILDERN,GERMANY,,,RALF KALUPKE,,,ZIG ZAG,,ZIG ZAG POSTERS,497114504552,,,,,,497114504550,,TABLE
,,,,,,,,NEW,,NEW,,,,,,NEW,,,
ECKERD ACCOUNTS PAYAB 006148,MAIL STOP 7801,P.O. BOX 45057,SALT LAKE CITY UT 84145,,,,,ECKERD,,ECKERD CORPORATION,,,,,,,,,COCO
PO BOX 660261,"DALLAS, TX 75266-0202",,,,MAGGIE LAI/PETER CHOW,,,AAFES,CHOWPETER@AAFES.COM,HQ ARMY & AIR FORCE EXCHANGE SERVICE,23312535,,Mon Aug 18 2008 07:00:00 GMT+0700 (Indochina Time),,,,23313623,,CONNIE
"3501 MERRICK ROAD,","SEAFORD, NY 11783,",U.S.A.,,,,,,AURALEE,,AURALEE PRODUCTS,,,,,,AURALEE,,,COCO
532 MONMOUTH ROAD (RT. 537),"CREAM RIDGE, NJ 08514",,,,,,,SEASONAL,,SEASONAL WORLD,,,,,,,,,COCO
"6826 BLACK HORSE PIKE,","SUITE #267,EGG HARBOR TOWNSHIP,","N.J. 08234-4197, U.S.A.",,,,,,SPENCER-UK,,"SPENCER GIFTS, INC.",,,,,,,,,COCO
130 A.C. MOORE DRIVE,"BERLIN, NEW JERSEV 08009",U.S.A.,,,,,,A.C. MOORE,,A.C. MOORE DISTRIBUTION CENTER AND GENERAL OFFICES,(856) 753-9462,,Fri Aug 11 2006 07:00:00 GMT+0700 (Indochina Time),,,A.C. MOORE,(856) 768-4930,,ICETANG
"P.O. LOCK DRAWER E,","WOONSOCKET, R.I. 02895",U.S.A.,,,,,,MARKSTEVEN,,"MARK STEVEN SERVICE MERCHANDISER, INC.",,,,,,,,,IVY
P.O. BOX 34550,"DETROIT, MI 48234",ATTN: DEPT 38601,,,,,,FRANKS NUR,,FRANKS NURSERY & CRAFTS,,,,,,FRANKS NURSE,,,COCO
P.O. BOX 320,"MINNEAPOLIS, MN 55440-0320",U.S.A.,,,,,,SNYDERS,,SNYDERS DRUG STORES  INC.,,,,,,,,,COCO
"SUITES 1206-1210, 12/F,","TOWER 6, THE GATEWAY,","HARBOUR CITY,","9 CANTON ROAD, KOWLOON, HONG KONG.",,IRIS LI,,,DAVID-HKTT,,DAVID HALSALL (H.K.) LTD.,27248010,,,,,DAVID HALSAL,27248183,,COCO
"2/FL., KERRY CENTER 2008,","RENMIN NAN RD.,","LUOHU DISTRICT, SHENZHEN 518001",,,,,,WAL-BAR,,WAL-MART GLOBAL PROCUREMENT - SZ (BRAZIL),,,Tue Apr 10 2007 07:00:00 GMT+0700 (Indochina Time),,,,,,CARMAN
"130 BRADWICK DRIVE, UNIT 8","CONCORD, ONTARIO L4K 1K8",CANADA,,,,,,CELEBRATE,,CELEBRATE GOOD TIMES INC.,,,,,,,,,CARMAN
980 ATLANTIC AVE.,SUITE #103,"ALAMEDA, CA 94501",,,,,,PARTY AMER,,"PARTY AMERICA, INC.",,,,,,,510-747-1800,,COOKIE
BERGHEMWEG 19,5975 RJ SEVENUM,THE NETHERLANDS,,,,,,SCHEEPERS,,SCHEEPERS B.V.,,,Wed Aug 04 2010 07:00:00 GMT+0700 (Indochina Time),,,,,,IVY
270 SPAGNOLI ROAD,"MELVILLE, NY 11747",,,,,,,HARROW'S,,HARROW'S,631 752-2824,,,,,,631 752-2828,,COCO
"2000 FIFTH ST.,","BERKELEY, CA 94710",,,,,,,GROCERY,,GROCERY OUTLET INC.,,,,,,GROCERY,(510) 845 1999,,COOKIE
35D NEWINGTON GREEN,"LONDON N16 9PR, UNITED KINGDOM",,,,,,,STAR IMAGE,,STAR IMAGE LTD.,,,,,,STAR IMAGE,,,COCO
CENTRAL DISBURSEMENTS OFFICE,P.O. BOX 11820,,,,,,,SUPER VALU,,"SUPERVALU STORES, INC.",253-593-3217,,Wed Sep 27 2017 07:00:00 GMT+0700 (Indochina Time),,,SUPERVALU,253-593-7787,,PHYLLIS
"2/FL, KERRY CENTER 2008,","RENIMIN NAN RD,","LUOHU DISTRICT, SHENZHEN 518001",(C/O WAL-MART ARGENTINA),,,,,WAL-ARG,,WAL-MART GLOBAL PROCUREMENT - SZ,(852)2375 4722,00219058216351,,,,,(852)2737 9111,,COOKIE
"11 INDUSTRIAL STREET,",TORONTO ON M4G 1Z2,CANADA,,,,,,RSS - SDM,,ROYAL SPECIALTY SALES,,,Thu Dec 06 2012 07:00:00 GMT+0700 (Indochina Time),,,,,,WENDY
131 MCNABB STREET,"MARKHAM, ONTARIO",CANADA,,,SOPHIE KALLIGOSFYRIS,,,KATZ,,KATZ GROUP CANADA LTD.,905-943-4514,,,,,KATZGROUP,905-943-4567,,COCO
P. PETERS,SATINJ BLOEM 41,"ROTTERDAM, 3068",HOLLAND,,,,,MORRIS-H,,LARGE POP MERCHANDISING,,,,,,,,,COCO
123 S. FIRST ST.,"LAPUENTE, CA. 91744",USA,,,,,,FRANCISCO',,FRANCISCO'S EXOTIC DECO,,,Sat May 10 2003 07:00:00 GMT+0700 (Indochina Time),,,,,,CECILIA
"SUITE 1206-10, 12/F., TOWER 6","THE GATEWAY, HARBOUR CITY,","9 CANTON ROAD,","TSIMSHATSUI, KOWLOON, HONG KONG.",,,,,DAVID-NN,,DAVID HALSALL (HK) LTD.,,,Wed May 21 2003 07:00:00 GMT+0700 (Indochina Time),,,,,,COCO
"SUITES 1206-1210, 12/F,","TOWER 6, THE GATEWAY, HARBOUR CITY,","9 CANTON ROAD,","TSIMSHATSUI, KOWLOON, HONG KONG.",,,,,DAVID-MOON,,DAVID HALSALL (HK) LTD.,,,Wed May 21 2003 07:00:00 GMT+0700 (Indochina Time),,,,,,COCO
"EASTHAM HOUSE,","COPSE ROAD,","FLEETWOOD, LANCASHIRE,","FY7 7NY, U.K.",,NEIL SYKES (T/T),,,DAVID-CLP,,DAVID HALSALL INTERNATIONAL LTD.,(0253) 878711,,Fri Jun 13 2003 07:00:00 GMT+0700 (Indochina Time),,,,(0253) 778888,,COCO
"SUITE 1206-10, 12/F., TOWER 6,","THE GATEWAY, HARBOUR CITY,","9 CANTON ROAD,","TSIMSHATSUI, KOWLOON, HONG KONG",,MS MONICA/ELAINE,,,DAVID-WW,,DAVID HALSALL (HK) LTD.,2724 8010,,Fri Jun 13 2003 07:00:00 GMT+0700 (Indochina Time),,,,2724 8183,,COCO
"LOGISTICS TEAM, MS-2410",22301 FOOTHILL BLVD.,"HAYWARD, CA 94541",,,,,,MERVYN'S,,MERVYN'S,510-7272072,,Fri Jun 13 2003 07:00:00 GMT+0700 (Indochina Time),,,,510-7272000,OPTION 3/1,COCO
"23875 PETREL CT.,","LAGUNA NIGUEL,","CA, 92677",,,,,,U.S. TRAD,USTRADING1@AOL.COM,"U.S. TRADING & ASSOCIATES, INC.",714-634-1960,,Wed Jun 23 2004 07:00:00 GMT+0700 (Indochina Time),,,,714-634-4200,,ICETANG
"7/F, HK SPINNERS INDUSTRIAL BUILDING PHASE I & II,","800 CHEUNG SHA WAN ROAD,","KOWLOON, HONG KONG.",,,,,,COLBY,,COLBY INTERNATIONAL LTD.,28870838,,Mon Jun 23 2003 07:00:00 GMT+0700 (Indochina Time),,,,28067777,,
LOGISTIK-ZENTRUM,DREIHOF 17,D-76878 ESSINGEN,,,STEFAN WOLF,,,HORNBACH,STEFAN.WOLF@HORNBACH,HORNBACH BAUMARKT AG,49 6348 618195,,Sat Jun 28 2003 07:00:00 GMT+0700 (Indochina Time),,,HORNBACH,49 6348 618184,,COCO
10315 #D S. DOLFIELD ROAD,"OWINGS MILLS , MD 21117",,,,,,,BIG IDEAS,,BIG IDEAS MARKETING,410-654-8792,,Wed Jul 02 2003 07:00:00 GMT+0700 (Indochina Time),,,BIG IDEAS,888-908-8697,,COCO
MUZA KAWASAKI CENTRAL TOWER 26TH FL.,"1310 OMIYA-CHO, SAIWAI-KU,","KAWASAKI-SHI, KANAGAWA","212-8566, JAPAN",,,,,LASH-JAPAN,,TOYS 'R' US - JAPAN LTD.,,,Thu Jun 14 2007 07:00:00 GMT+0700 (Indochina Time),,,,,,IVY
"UNIT 401-5 & 408-421, 4/F.,","NEW MANDARIN PLAZA, TOWER B,","14 SCLENCE MUSEUM ROAD,","TST EAST, KOWLOON, HONG KONG.",,WEBER XU,,,DAN DEE,WEBER @ EMGGZ.COM,E-MG HK LIMITED,23110259,020-87770098,Wed Aug 20 2003 07:00:00 GMT+0700 (Indochina Time),,,DAN DEE ',23110876,,
"SUITES 1206-10, 12/F.,","TOWER 6, THE GATEWAY,","HARBOUR CITY,","9 CANTON ROAD, KOWLOON.",,,,,DAVID-DEN,,DAVID HALSALL (HK) LTD.,,,Tue Sep 23 2003 07:00:00 GMT+0700 (Indochina Time),,,,,,COCO
C/O BONAIR CARGO,1511 DERWENT WAY,"DELTA, BRITISH COLUMBIA",CANADA,,,,,WIC MARKET,,WIC MARKETING INC.,,,Mon Oct 27 2003 07:00:00 GMT+0700 (Indochina Time),,,,,,ICETANG
WILHELMINENHOFSTRASSE 83-85,12437 BERLIN,GERMANY,,,ROMAN MATTHESIUS,,,METAMORPH,,METAMORPH GMBH,0049-(0),30-400.446-39,Mon Sep 04 2023 07:00:00 GMT+0700 (Indochina Time),,,,0049-(0),30-400.446-0,WENDY
"5555 DARROW ROAD,","HUDSON, OH 44236",,,,,,,JO-ANN STO,,"JO-ANN STORES, INC.",330-4636670,,Wed Feb 25 2004 07:00:00 GMT+0700 (Indochina Time),,,,330-6562600,,JULIA
"2/FL, KERRY CENTER 2008,","RENMIN NAN RD,","LUOHU DISTRICT, SHENZHEN 518001",(SAM'S BRAZIL),,,,,SAM'S BRAZ,,WAL-MART GLOBAL PROCUREMENT - SZ,,,Sat Apr 24 2004 07:00:00 GMT+0700 (Indochina Time),,,,,,COCO
12 CREEK PARKWAY,"BOOTHWYN, PA 19061",,,,,,,MASQUERADE,,MASQUERADE LLC,,,Mon May 03 2004 07:00:00 GMT+0700 (Indochina Time),,,,,,COCO
"RM 402, HANKOW CENTRE,","5 HANKOW RD., T.S.T., HONG KONG",,,,,,,D.H.-HUGIN,,HUGIN INTERNATIONAL LTD.,,,Mon Jun 07 2004 07:00:00 GMT+0700 (Indochina Time),,,,27217835,,COCO
18305 E. SAN JOSE AVENUE,"CITY OF INDUSTRY, CA 91748",,,,MR JIM MEDINA,,,HOT TOPIC,JMEDINA@HOTTOPIC.COM,HOT TOPIC INC.,626-839-4686,,Thu Jun 17 2004 07:00:00 GMT+0700 (Indochina Time),,,,626-839-4681,EXT. 2670,CONNIE
VANHA-LITTOISTENTIE 2,FI-20660 LITTOINEN,FINLAND,,,,,,SUOMEN,,SUOMEN PELIMIEHET OY,02-2721110,,Fri Jan 21 2011 07:00:00 GMT+0700 (Indochina Time),,,,02-2721111,,WENDY
"2/FL., KERRY CENTER 2008,","RENMIN NAN RD.,","LUOHU DISTRICT, SHENZHEN 518001","(C/O WAL-MART, KOREA)",,,,,WAL-KOR,,WAL-MART GLOBAL PROCUREMENT-SZ,(852)2375-4722,,Sat Jul 03 2004 07:00:00 GMT+0700 (Indochina Time),,,,(852)2737-9111,,COCO
N.E. INDUSTRIAL PARK,BLDG. 9 RT 146,"GUILDERLAND CT., NY 12085-0000",,,,,,THE GOLUB,,THE GOLUB CORPORATION,,,Thu Jul 14 2005 07:00:00 GMT+0700 (Indochina Time),,,THE GOLUB,,,ICETANG
P.O. BOX 4484,"HAZELWOOD, MO 63044",,,,,,,DEALS,,DEALS NOTHING OVER A DOLLAR,314-264-7809,,Mon Aug 30 2004 07:00:00 GMT+0700 (Indochina Time),,,DEALS,314-264-7800,,IVY
1437 S.BOULDER,SUITE 1100,"TULSA, OK 74119",,,SHANNON SLANE,,,MAY'S DRUG,,MAY'S DRUG STORE,,,Fri Jun 10 2005 07:00:00 GMT+0700 (Indochina Time),,,,918-592-6297,,ICETANG
"6877 GOREWAY DRIVE, SUITE 3","MISSISSAUGA, ONTARIO, CANADA",L4V 1L9,,,BETTY CHANDLER,,,THE BARGAI,,THE BARGAIN! SHOP HOLDINGS INC.,,,Tue Sep 20 2005 07:00:00 GMT+0700 (Indochina Time),,,,905-293-7669,EXT. 5602,ICETANG
"4000 E. UNION PACIFIC AVE.,","CITY OF COMMERCE,",CA90023,,,,,,99 CENTS,WWW.99ONLY.COM,99C ONLY STORES,(323)980-8162,,Mon Dec 13 2004 07:00:00 GMT+0700 (Indochina Time),,,99C ONLY,(323)980-8145,,IVY
"2/F., KERRY CENTER, 2008 RENMIN NAN ROAD,","SHENZHEN 518001, GUANGDONG PROVINCE,",CHINA,(WAL-MART SEIYU/SMILE CORP.),,,,,WAL-SEIYU,,WAL-MART GLOBAL PROCUREMENT - SHENZHEN OFFICE,,,Sat Dec 04 2004 07:00:00 GMT+0700 (Indochina Time),,,,,,IVY
"20/F, OFFICE TOWER ONE, THE HARBOURFRONT,","18 TAK FUNG STREET,","HUNGHOM, KOWLOON",HONG KONG,,MS VENDA TSE,,,LINMARK,VENDA.TSE@LINMARK.CO,LINMARK (HK) LTD.,852-2301 1289,,Mon Jan 17 2005 07:00:00 GMT+0700 (Indochina Time),,,LINMARK,852-2734 0891,(HARDGOODS),IVY
"28/F, 625 KING'S ROAD","NORTH POINT, ISLAND EAST,",HONG KONG,,,MS PEPSI CHOI,,,WOOLWORTHS,,WOOLWORTHS GROUP ASIA LIMITED,3416 2399,,Fri Jan 21 2005 07:00:00 GMT+0700 (Indochina Time),,,WOOLWORTHS,3416 2300,,IVY
2600 INTERNATIONAL PARKWAY,"VIRGINIA BEACH, VA 23452",U.S.A.,,,,,,LILLIAN,,LILLIAN VERNON CORPORATION,757-427-7221,757-427-7220,Thu Mar 24 2005 07:00:00 GMT+0700 (Indochina Time),,,LILLIAN,757-427-7700,,CONNIE
"4727 DENVER AVENUE SOUTH,","SEATTLE, WA 98134,",USA,,,,,,BARTELL,,BARTELL DRUG COMPANY,206-763-2062,,Tue Nov 04 2008 07:00:00 GMT+0700 (Indochina Time),,,,206-763-2626,,LING
"9400 NW 104TH STREET,","MEDLEY, FLORIDA 33178.",USA,,,,,,NAVARRO,,NAVARRO DISCOUNT PHARMACIES,(305) 633-7555,,Tue Nov 04 2008 07:00:00 GMT+0700 (Indochina Time),,,,(305) 633-3000,,LING
5150 S. TOWNE DRIVE,NEW BERLIN WI 53151,,,,,,,BUYSEASON,,"BUYSEASONS, INC.",262.901.3333,,Sat Apr 23 2005 07:00:00 GMT+0700 (Indochina Time),,,BUYSEASONS,262.901.2000,,ICETANG
PO BOX 341,"ACCORD, MA 02018",,,,,,,PAPER F,,"PAPER FIRST AFFILIATES, LLC",(925)926-0123,,Mon Apr 25 2005 07:00:00 GMT+0700 (Indochina Time),,,PAPER FIRST,(925)926-0100,,IVY
530 BERIAULT,LONGUEUIL,"QUEBEC, CANADA",J4G 1S8,,,,,JEAN COUTU,,LE GROUPE JEAN COUTU (PJC) INC.,,,Thu Apr 28 2005 07:00:00 GMT+0700 (Indochina Time),,,,,,COCO
50 SERVICE AVENUE,"WARWICK, RI 02886",,,,,,,BROOKS/ECK,,BROOKS/ECKERD  PHARMACY,,,Wed May 25 2005 07:00:00 GMT+0700 (Indochina Time),,,,,,CARMAN
(G.T. WHOLESALE LIMITED),"2480 WALKEY RD, OTTAWA,","ONTARIO, CANADA K1G 6A9",,,,,,GIANT T,,GIANT TIGER STORES LTD,(613)521-4474,,Wed Jul 25 2007 07:00:00 GMT+0700 (Indochina Time),,,,(613)521-8222,,CECILIA
"16/F., CHUN WO COMMERCIAL CENTRE,","23-29 WING WO ST., CENTRAL",HONG KONG,,,,,,L&A,,L & A (HK)  LTD.,25410336,25440465,Wed Aug 10 2005 07:00:00 GMT+0700 (Indochina Time),,,L & A (HK),25457707,25413638,IVY
C/O CEDARSTAPE LIMITED,FOWLER ROAD,WEST PITKERRO INDUSTRIAL ESTATE,"DUNDEE, DD5 3RU, UNITED KINGDOM",,,,,CLYDE,,"""DRESS FANTASTIC""",0044(0),1414201066,Fri May 25 2007 07:00:00 GMT+0700 (Indochina Time),,,CLYDE,0044(0),1414292058,PHYLLIS
"SUITES 1206-1210, 12/F, TOWER 6,","THE GATEWAY, HABOUR CITY,","9 CANTON ROAD, KOWLOON,",HONG KONG,,,,,DAVID-SM,,DAVID HALSALL (HK) LTD,(852)27248010,,Wed Jun 29 2005 07:00:00 GMT+0700 (Indochina Time),,,,(852)27248183,,COCO
3017 NORTH MIDLAND,"PINE BLUFF, AR 71603",USA,,,,,,USA DRUG,,USA DRUG,870-535-5601,,Wed Jul 20 2005 07:00:00 GMT+0700 (Indochina Time),,,USA DRUG,870-535-5171,,LING
"2 FLOOR, YALLY INDUSTRIAL BUILDING,","NO.6 YIP FAT STREET,","WONG CHUK HANG, HONG KONG.",,,,,,FRANKIE,hk1@fdh1.com.hk,FRANKIE DOMINION (HOLIDINGS) LTD.,2518 3038,,Fri Nov 18 2005 07:00:00 GMT+0700 (Indochina Time),,,,2518 8383,,IVY
2600 S. SOTO STREET,LOS ANGELES CA 90058,,,,,,,JC SALES,,JC SALES,(323) 881-6797,,Sat Dec 03 2005 07:00:00 GMT+0700 (Indochina Time),,,JC SALES,(323) 881-0077,,IRENE
,,,,,,,,KMART-TEST,,K-MART,,,Fri Dec 16 2005 07:00:00 GMT+0700 (Indochina Time),,,A,,,IVY
"PRICE BUSTERS, INC.",98-746 KUAHAO PLACE,PEARL CITY HI 96782 USA,,,,,,ERT,,"E.R.T. SALES OF HAWAII, INC.",808 247-7699,,Sat Dec 24 2005 07:00:00 GMT+0700 (Indochina Time),,,E.R.T.,808 247-0471,,IVY
770 COCHITUATE ROAD 550-4,"FRAMINGHAM, MA 01701",,,,,,,AJ WRIGHT,,CONCORD BUYING GROUP INC. DBA A.J. WRIGHT,,,Mon Feb 27 2006 07:00:00 GMT+0700 (Indochina Time),,,,,,LESLEY
1 PRESIDENT'S CHOICE,"CIRCLE, BRAMPTON,",ONTARIO L6Y 5S5,,,,,,LOBLAWS,,LOBLAW COMPANIES LTD.,,,Fri Mar 24 2006 07:00:00 GMT+0700 (Indochina Time),,,,,,ICETANG
THE CONNAUGHT ENTERPRISE CENTRE,"LONDON, NW11 6BJ",UK,,,JOHN GOLDSTEIN,,,FUNNYMAN,,FUNNYMAN PRODUCTS,0208 5543133,,Sat Jun 11 2011 07:00:00 GMT+0700 (Indochina Time),,,,0208 5543131,,FANNY
INNOTRAC HEBRON 2,2305 LITTON LANE,"HEBRON, KY 41048",,,,,,TARGET.COM,,TARGET.COM,,,Wed May 03 2006 07:00:00 GMT+0700 (Indochina Time),,,,,,COOKIE
1 CELEBRATION SQUARE,"WOODCLIFF LAKE, NJ",,,,,,,AMSCAN,Amscan HK-Angel,AMSCAN INC.,,,Mon Nov 03 2008 07:00:00 GMT+0700 (Indochina Time),,,,914-345-2020,,PHYLLIS
"2ND FLOOR, GFSC, MONEENAGEISHA","ROAD, GALWAY, IRELAND.",UK,,,ANNMARIE GARETT,,,SMYTHS,mlynam@toys.ie,SMYTHS TOYS LTD,353-91-743698,,Mon Jun 12 2006 07:00:00 GMT+0700 (Indochina Time),,,SMYTHS TOYS,353-91-743699,,FANNY
5918 STONERIDGE MALL ROAD,"PLEASANTON, CA 94588-3229, USA",,,,,,,BILO,,BLACKHAWK MARKETING LLC,925-467-2543,,Thu Jun 15 2006 07:00:00 GMT+0700 (Indochina Time),,,,925-399-6370,,CARMAN
,,,,,,,,TEST,,,,,,,,,,,IVY
"888 GARDEN OF THE GODS ROAD,","COLORADO SPRINGS, CO 80907",,,,,,,IMPACT,,"IMPACT CONFECTIONS, INC.",(719) 268-6197,,Fri Aug 18 2006 07:00:00 GMT+0700 (Indochina Time),,,,(719) 268-6100,,ICETANG
2270 HOONEE PLACE,"HONOLULU, HI 96819","HAWAII, U.S.A.",,,CHARLEY IMAI,,,LONGS-HAWA,,LONGS DRUG STORES-HAWAII,,,Mon Nov 20 2006 07:00:00 GMT+0700 (Indochina Time),,,LONGS DRUG,,,COOKIE
"450 RARITAN CENTER PARKWAY SUITE I,","EDISON, NJ 08837 USA",,,,,,,SUPER,,COSTUME SUPERCENTER,,,Mon Sep 19 2016 07:00:00 GMT+0700 (Indochina Time),,,,,,ICETANG
"BRUDENELL DRIVE, BRINKLOW,","MILTON KEYNES, ENGLAND,",MK10 ODA,,,,,,AMSCAN UK,,AMSCAN INTERNATIONAL LTD,01908 288504,,Wed Dec 27 2006 07:00:00 GMT+0700 (Indochina Time),,,,01908 288500,,JOYCE
"2/FL, KERRY CENTER 2008,","RENMIN NAN RD,","LUOHU DISTRICT, SHENZHEN 518001",(WAL-MART PUERTO RICO),,,,,WAL-PUERTO,,WAL-MART GLOBAL PROCUREMENT -SZ (PUERTO RICO),,,Tue Mar 20 2007 07:00:00 GMT+0700 (Indochina Time),,,,,,ICETANG
"2/FL, KERRY CENTER 2008,","RENMIN NAN RD,","LUOHU DISTRICT, SHENZHEN 518001",(WAL-MART USA),,,,,WAL-WALCEN,,WAL-MART GLOBAL PROCUREMENT - SZ,,,Fri Feb 02 2007 07:00:00 GMT+0700 (Indochina Time),,,,,,SEKI
1604623 ONTARIO LIMITED,O/A PARTY PACKAGERS,1225 FINCH AVE. WEST,"DOWNSVIEW   ONT.  M3J2E8, CANADA",,,,,PARTY PACK,,PARTY PACKAGERS,,,Fri Mar 02 2007 07:00:00 GMT+0700 (Indochina Time),,,PARTY PACK,,,IVY
"BLOCK G COMMERCIAL DRIVE,","REGENTS PARK ESTATE,","391 PARK ROAD,","REGENTS PARK, N.S.W. 2143, AUSTRALIA",,,,,LASH-AUS,,"TOYS ""R"" US (AUSTRALIA) PTY LTD",02 9794 8500,,Wed Mar 07 2007 07:00:00 GMT+0700 (Indochina Time),,,,02 9794 8999,,CONNIE
"UNIT 1310, 13/F., HARBOUR CENTRE TOWER 1,","1 HOK CHEUNG ST.,","HUNG HOM,","KOWLOON, HONG KONG",,WILLIAM WAN,,,GERSON,GIL@GERSONHK.COM,GERSON INTERNATIONAL (H.K.)LTD.,2311 3521,,Wed Mar 07 2007 07:00:00 GMT+0700 (Indochina Time),,,,2311 7822,,COOKIE
"HY-VEE, INC.",HY-VEE - FDI IMPORTS,5820 WESTOWN PARKWAY,"WEST DES MOINES, IA 50266",,,,,HY-VEE,,HY-VEE,,,Fri Mar 23 2007 07:00:00 GMT+0700 (Indochina Time),,,HY-VEE,,,JENI
800 COTTONTAIL LANE,"SOMERSET, NJ 08873",,,,,,,DRUG FAIR,,DRUG FAIR GROUP,722-2902,,Tue Nov 04 2008 07:00:00 GMT+0700 (Indochina Time),,,DRUG FAIR,(908)722-8700,,LING
TRAMORE ROAD,CORK,REPUBLIC OF IRELAND,,,,,,MUSGRAVES,,MUSGRAVES LTD,,,Tue Jun 26 2007 07:00:00 GMT+0700 (Indochina Time),,,MUSGRAVES,,,TABLE
"RM 35/F & 36/F, SAXON TOWER (¦è¹y¤¤¤ß),","7 CHEUNG SHUN STREET,","CHEUNG SHA WAN,",KOWLOON,,HELEN TONG,,,JCS,,AMSCAN ASIA LIMITED,21551511,,Mon May 08 2017 07:00:00 GMT+0700 (Indochina Time),,,,21551515,,SARAH
100 CORPORATE OFFICE DR.,BARTH CITY MO. 63045,,,,,,,SAVE A LOT,,SAVE-A-LOT A SUPERVALU COMPANY,314-264-7808,,Thu Jun 21 2007 07:00:00 GMT+0700 (Indochina Time),,,SAVE-A-LOT A,314-592-9100,,IVY
300 VALUE WAY,"MARLBOROUGH, MA 01752",USA,,,,,,MARMAXX-TJ,,TJX COMPANIES (T.J. MAXX),,,Wed Jun 20 2018 07:00:00 GMT+0700 (Indochina Time),,,,,,IVY
300 VALUE WAY,"MARLBOROUGH, MA 01752",USA,,,,,,MARMAXX-MA,,TJX COMPANIES (MARSHALLS),,,Wed Jun 20 2018 07:00:00 GMT+0700 (Indochina Time),,,,,,IVY
6715 AIRPORT ROAD,"MISSISSAUGA, ONTARIO",CANADA L4V 1Y2,,"(WINNERS, CANADA)",,,,MARMAXX-WI,,WMI LP (WINNERS),,,Wed May 02 2007 07:00:00 GMT+0700 (Indochina Time),,,,,,ICETANG
6715 AIRPORT ROAD,"MISSISSAUGA, ONTARIO",CANADA L4V 1Y2,,"(HOMESENSE, CANADA)",,,,MARMAXX-HO,,WMI LP (HOMESENSE),,,Wed May 02 2007 07:00:00 GMT+0700 (Indochina Time),,,,,,FANNY
804 W. TOWN & COUNTRY RD.,ORANGE. CA 92868-4712,U.S.A.,,,,,,AMPRO,,AMPRO,,,Thu May 17 2007 07:00:00 GMT+0700 (Indochina Time),,,AMPRO,,,TABLE
"UNION HOUSE,","KENNET SIDE, NEWBURY,","BERKSHIRE, RG14 5PX,",UK.,,,,,ABSCISSA,,ABSCISSA. COM LIMITED,,,Mon Jun 11 2007 07:00:00 GMT+0700 (Indochina Time),,,ABSCISSA,,,CECILIA
100 MISSION RIDGE,"GOODLETTSVILLE, TN 37072-2170",,,,WINNIE CHAN,,,DOLLAR GEN,,"DOLLAR GENERAL MERCHANDISING, INC.",,,Wed Aug 01 2007 07:00:00 GMT+0700 (Indochina Time),,,,,,ICETANG
"DC 995, WEST COAST DISTRIBUTION CTR",4250 EUCALYPTUS AVE,"CHINO, CA 917109704",U.S.A.,,,,,NEXCOM,,NEXCOM,,,Mon Sep 10 2007 07:00:00 GMT+0700 (Indochina Time),,,NEXCOM,,,COOKIE
"5805 ROYALMOUNT,","MONTREAL, QUEBEC",H4P 0A1,CANADA,,,,,DOLLARAMA,,DOLLARAMA L.P.,,,Thu Oct 11 2007 07:00:00 GMT+0700 (Indochina Time),,,,,,IVY
"53/F, OFFICE TOWER, LANGHAM PLACE,","8 ARGYLE STREET, MONGKOK,","KOWLOON, HONG KONG",­»´ä¤EÀs©ô¨¤¨È¬Ò¦Ñµó8¸¹®Ô»¨§{¿ì¤½¤j¼Ó54¼Ó,,WING LEUNG/AMANDA CHAN/,,,SEARS,,SEARS HOLDINGS GLOBAL SOURCING LTD.,,,Wed Nov 14 2007 07:00:00 GMT+0700 (Indochina Time),,,,2823 3125/,2823 3127/,IVY
"11232 120TH AVE NE, SUITE 204","KIRKLAND, WA 98033",,,,,,,C EXPRESS,,"CELEBRATE EXPRESS, INC.",(516)873-9005,,Mon Mar 31 2008 07:00:00 GMT+0700 (Indochina Time),,,,(516)873-9000,,IVY
8523 S 117TH STREET,"LA VISTA, NE 68128 USA",,,,,,,BRENMAR,,THE BRENMAR COMPANY,,,Fri Apr 11 2008 07:00:00 GMT+0700 (Indochina Time),,,,(402) 592-3303,,CARMAN
P.O. BOX 34622,"SEATTLE, WA 98124",U.S.A.,,,,,,COSTCO,,COSTCO WHOLESALE,,,Mon Jun 30 2008 07:00:00 GMT+0700 (Indochina Time),,,,(425)313-8100,,COOKIE
A SUBSIDIARY OF ROSS STORES INC.,5130 HACIENDA DRIVE,"DUBLIN, CA 94568",,,,,,ROSS,,ROSS PROCUREMENT INC.,,,Thu May 08 2008 07:00:00 GMT+0700 (Indochina Time),,,,,,IVY
P.O. BOX 34622,"SEATTLE, WA 98124",,,,,,,COSTCO C,,COSTCO WHOLESALE CANADA LTD.,,,Tue Jul 29 2008 07:00:00 GMT+0700 (Indochina Time),,,,(425)313-8100,,CONNIE
"3/F LIFUNG TOWER,","888 CHEUNG SHA WAN ROAD,","LAI CHI KOK, KOWLOON,",HONG KONG,,MS LEONIE FAN,,,LASH(CN),FANL@TOYSRUS.COM.HK,"TOYS ""R"" US ASIA LTD.",,,,,,"TOYS ""R"" US",2991 6165,,LINGKU
770 COCHITUATE ROAD 550-4,"FRAMINGHAM, MA 01701",,,"(TK-MAXX, US)",,,,MARMAXX-TK,,THE MARMAXX GROUP,,,Mon Apr 20 2009 07:00:00 GMT+0700 (Indochina Time),,,,,,COOKIE
RIVERSIDE BUSINESS PARK,6 BREWSTER PLACE,IRVINE KA11 5DD,SCOTLAND UK,,STEVEN MCALLISTER,,,WICKED C,,WICKED COSTUMES LTD,,,Tue Nov 30 2021 07:00:00 GMT+0700 (Indochina Time),,,WICKED C,,,PHYLLIS
3800 SE 22ND AVENUE,"PORTLAND, OR 97202-2918",U.S.A.,,,,,,HARRIS T,,"FRED MEYER, INC. DBA KROGER",,,Mon Sep 15 2014 07:00:00 GMT+0700 (Indochina Time),,,,,,IVY
270 MARKET STREET,P.O. BOX 920,"SADDLE BROOK, NJ 07663",U.S.A.,,JIM DWYRE,,,UNITED S,Jim.Dwyre@United-Sup,UNITED SUPPLY CORPORATION,,,Thu Apr 30 2009 07:00:00 GMT+0700 (Indochina Time),,,UNITED SUPPL,,,ICETANG
"11400 SE 6TH ST, SUITE 220,","BELLEVUE, WA 98004",UNITED STATE OF AMERICA,,,,,,"SAVERS,US",,"SAVERS, INC.",,,,,,SAVERS,,,JENI
COSTCO DRY DEPOT MEX,AV. CENTRAL NO. 3,PARQUE INDUSTRIAL TEPEJI,"HIDALGO, MEXICO. 42850",,,,,COSTCO M,,COSTCO MEXICO,,,Wed Jun 17 2009 07:00:00 GMT+0700 (Indochina Time),,,,01 773 7329400,,COOKIE
2929 WALKER AVE. N.W.,"GRAND RAPIDS, MI 49544",U.S.A.,,,,,,MEIJER-RHO,,"MEIJER, INC.",,,Fri Jul 10 2009 07:00:00 GMT+0700 (Indochina Time),,,,,,COOKIE
2929 WALKER AVE. N.W.,"GRAND RAPIDS, MI 49544",U.S.A.,,,,,,MEIJER-JAM,,"MEIJER, INC.",,,Fri Jul 10 2009 07:00:00 GMT+0700 (Indochina Time),,,,,,COOKIE
2929 WALKER AVE. N.W.,"GRAND RAPIDS, MI 49544",U.S.A.,,,,,,MEIJER-LAU,,"MEIJER, INC.",,,Fri Jul 10 2009 07:00:00 GMT+0700 (Indochina Time),,,,,,COOKIE
2929 WALKER AVE. N.W.,"GRAND RAPIDS, MI 49544",U.S.A.,,,,,,MEIJER-KER,,"MEIJER, INC.",,,Fri Jul 10 2009 07:00:00 GMT+0700 (Indochina Time),,,,,,COOKIE
"8800 'F' STREET OMAHA,",NE 68127,U.S.A.,,,,,,PAMIDA,,PAMIDA HOMETOWN VALUES,,,Tue Sep 08 2009 07:00:00 GMT+0700 (Indochina Time),,,,(402) 339-2400,,JULIA
"FLAT 1904, 19/F,","ALLIANCE BUILDING,","130-136 CONNAUGHT ROAD,","CENTRAL, HONG KONG. (BLOOM CO., LTD.)",,,,,BLOOM-LE,,LEVEL ONE INTERNATIONAL LIMITED,852-2850 6199,,Thu Dec 17 2009 07:00:00 GMT+0700 (Indochina Time),,,LEVEL ONE,852-2850 6228,,IVY
OF BRISTOL,1152 MARLKRESS RD,CHERRY HILL NJ 08003,,,,,,ARETT SALE,,ARETT SALES,,,Wed May 04 2011 07:00:00 GMT+0700 (Indochina Time),,,ARETT SALES,,,JENI
PO BOX 808,"BELLEVUE, WA 98009",UNITED STATE OF AMERICA,,,,,,"SAVERS,CAN",,"SAVERS, INC.",,,,,,SAVERS,,,FANNY
32 ELIYAU EITAN STREET,RISHON LE ZION,LSRAEL 75703,,,ZOHAR SHMUEL,,,ZOHAR,,SHOSHI ZOHAR 2004 LTD,972 39628429,,Thu Jul 28 2011 07:00:00 GMT+0700 (Indochina Time),,,,972 39628238,0507467112,IVY
500 VOLVO PARKWAY,"CHEASPEAKE, VA 23320",UNITED STATES OF AMERICA,,,MACON F. BROCK,,,GREEN-DEAL,,"GREENBRIER INTERNATIONAL, INC. (DEAL)",757-321-5200,"APRIL 13, 2006",Tue Jan 17 2012 07:00:00 GMT+0700 (Indochina Time),,,,757-321-5000,ADDRESS EFFECTIVE ON,IVY
500 VOLVO PARKWAY,"CHEASPEAKE, VA 23320",UNITED STATES OF AMERICA,,,MACON F. BROCK,,,GREEN-DT,,"GREENBRIER INTERNATIONAL, INC. (DOLLAR TREE)",757-321-5200,"APRIL 13, 2006",Tue Jan 17 2012 07:00:00 GMT+0700 (Indochina Time),,,GREENBRIER,757-321-5000,ADDRESS EFFECTIVE ON,JENI
1 GARDEN STREET,SOUTH YARRA VIC 3141,AUSTRALIA,,,MELISSA CARUSO,,,ROADSHOW,Melissa_Caruso@roads,ROADSHOW FILMS,,,Wed Mar 23 2011 07:00:00 GMT+0700 (Indochina Time),,,ROADSHOW,61 3 9829 0634,,WENDY
PO BOX 808,"BELLEVUE, WA 98009",UNITED STATE OF AMERICA,,,,,,"SAVERS,AUS",,"SAVERS, INC.",,,,,,SAVERS,,,FANNY
7603 ENERGY PARKWAY,"BALTIMORE, MD 21226",,,,,,,COMMERCE,,COMMERCE CORPORATION,,,Thu May 05 2011 07:00:00 GMT+0700 (Indochina Time),,,,,,IVY
3333 BEVERLY ROAD,"HOFFMAN ESTATES,",IL 60179,U.S.A.,,,,,K-MART-S85,,"SEARS, ROEBUCK AND CO",,,Fri May 06 2011 07:00:00 GMT+0700 (Indochina Time),,,,,,COOKIE
"168 KONRAD CRESCENT, UNIT #2,","MARKHAM, ONTARIO CANADA L3R 9T9",,,,,,,PROMO-SPEC,,THE PROMOTIONAL SPECIALISTS,905 474 1463,,Wed May 11 2011 07:00:00 GMT+0700 (Indochina Time),,,,905 474 9304,,IVY
UNIT 206-3185 WILLINGDON GREEN,"BURNABY, BC,",CANADA V5G 4P3,,,CONNIE CUTCHIN,,,GREEN-CAN,,DOLLAR TREE STORES CANADA INC.,,,Wed May 18 2011 07:00:00 GMT+0700 (Indochina Time),,,,(757)321-5193,,JENI
"C/ JUAN RAMON JIMENEZ, 15",08902 L'HOSPITALET DE LLOBREGAT,"BARCELONA, SPAIN",,,,,,PARTY FIES,,PARTY FIESTA S.A.,,,Mon May 14 2018 07:00:00 GMT+0700 (Indochina Time),,,,,,PHYLLIS
"1008 XIAN QIAN EAST STREET, CHANG XING","ECONOMIC DEVELOPED AREA, CHANGXING,","ZHEJIANG PROVINCE, CHINA.",,,KEVIN/DANA,,,BYMER,,"BYMER TOY (CHINA) IND. CO., LTD.",,,Mon Jul 04 2011 07:00:00 GMT+0700 (Indochina Time),,,,572-657555,,IVY
1000 NICOLLET MALL,"MINNEAPOLIS, MN. 55403",U.S.A.,,,,,,TARGET-2,,TARGET STORES,,,Tue Jul 05 2011 07:00:00 GMT+0700 (Indochina Time),,,,,,JOYCE
"3/F, LIFUNG TOWER","888 CHEUNG SHA WAN ROAD,","LAI CHI KOK, KOWLOON,",HONG KONG,,NICOLA SETO / NICK AU,,,TRU ASIA,,"TOYS""R"" US (ASIA) LIMITED",2991 6170,,Mon Jun 17 2013 07:00:00 GMT+0700 (Indochina Time),,,TRU ASIA,2991 6199,,COOKIE
RETAIL PARTNERS HAWAII LLC,"1505 DILLINGHAM BLVD,","STE 105, HONOLULU, HI","96817, USA",,ROGER ARDEN,,,PRICEB,,PRICE BUSTERS,,,Fri Oct 14 2011 07:00:00 GMT+0700 (Indochina Time),,,,(213)763-0130,,JENI
C/O LIQUIDATION WORLD,BRANTFORD DC,225 HENRY ST.,"BRANTFORD, ON N3S 7R4",,KIM KRICK,,,BIGLOTS-CA,,"BIG LOTS CANADA, INC.",,,Wed Nov 02 2011 07:00:00 GMT+0700 (Indochina Time),,,,,,WENDY
"2 PARAGON DRIVE,","MONTVALE, NJ. 07645",,,,,,,A&P,,"THE GREAT A & P TEA CO, INC.",,,Tue Jan 10 2012 07:00:00 GMT+0700 (Indochina Time),,,A & P,,,JENI
2750 W GRAND AVE,"CHICAGE, IL 60612",,,,TRACEE PRISTERA,,,PSM GROUP,,"PSM GROUP, INC. - DBA FOUR SEASONS GLOBAL",,,Fri Mar 23 2012 07:00:00 GMT+0700 (Indochina Time),,,PSM GROUP,,,IVY
"UNIT 3-4,11/FL., WAH WAI CENTRE,","38-40 AU PUI WAN STREET,","FO TAN, SHATIN, N.T..",,,,,,LUCKY,,LUCKY STRAIGHT LIMITED,,,Tue Apr 10 2012 07:00:00 GMT+0700 (Indochina Time),,,,,,IVY
"2/F, NO. 1, ALLEY 3,","LANE 13, KUH LUEN STREET","TAIPEI, TAIWAN",,,,,,LUCKYS,,"LUCKY SEEDS INTERNATIONAL CO.,LTD",,,Tue Apr 17 2012 07:00:00 GMT+0700 (Indochina Time),,,,,,IVY
20 RUE DU VIEUX MARCHE AUX GRAINS,67000 STRASBOURG,FRANCE,,,,,,SARL,,SARL PARTY FACTORY,,,Mon Jul 23 2012 07:00:00 GMT+0700 (Indochina Time),,,,,,COOKIE
ACCESS 4:20 NEW HYTH BUSINESS PARK,"17 BELLINGHAM WAY, AYLESFORD",MAIDSTONE KENT,ME20 7HP UK,,,,,MAGIC,,MAGIC TOYZ LIMITED,,,Fri Apr 27 2012 07:00:00 GMT+0700 (Indochina Time),,,,,,IVY
PO BOX 968,NORTHAMPTON,NN4 4DB,UNITED KINGDOM,,,,,99P STORES,,99P STORES LTD,,,Thu Apr 26 2012 07:00:00 GMT+0700 (Indochina Time),,,,,,JENI
LEVEL 2 / SUITE 230,LIFESTYLE WORKING BUILDING,"117 OLD PITTWATER RD., BROOKVALE","NSW 2100, AUSTRALIA",,,,,COSTUMEBOX,,COSTUMEBOX.COM.AU,,,Mon Apr 30 2012 07:00:00 GMT+0700 (Indochina Time),,,,,,MCCHUNG
"UNIT 30, CORRINGHAM ROAD INDUSTRIAL ESTATE,","GAINSBOROUGH, LINCS, UNITED KINGDOM, DN21 1QB",,,,,,,ESCAPADE,,ESCAPADERS INC.,,,Thu Apr 06 2017 07:00:00 GMT+0700 (Indochina Time),,,,,,SARAH
"35 & 36/F, SAXON TOWER, 7 CHEUNG SHUN STREET,","LAI CHI KOK, KOWLOON, HONG KONG",,,,ALEX CHAN,,,RIETHMULLE,achan@amscan.asia,RIETHMULLER (HONG KONG) LIMITED,,,Mon Jun 25 2012 07:00:00 GMT+0700 (Indochina Time),,,,36559121,36559114,COOKIE
42/F CENTRAL PLAZA,18 HARBOUR RD,"WANCHAI, HONG KONG",,,EFF.FR.09/01/99,,,SANMAX,,SANMAX TRADING LIMITED,30-210-2400570,EMAIL PLUSH@ACCI.GR,Tue Jul 03 2012 07:00:00 GMT+0700 (Indochina Time),,,,30-210-1240255,,IVY
"3F., 81-14, CHEONGLYONG DONG,","GEUMJEONG GU, BUSAN, KOREA.",,,,KONO LEE,,,KYONGWOON,,KYONGWOON TRADING CO.,82 51 508 7868,,Tue Aug 21 2012 07:00:00 GMT+0700 (Indochina Time),,,,82 51 508 1627,82 10 6560 0180,IVY
"4050 SOUTH 26TH STREET, SUITE 200,",NAVY YARD COMMERCE CENTER,"PHILADELPHIA, PA 19112",,,,,,LISS GLOBA,,OMNI GLOBAL SOURCING SOLUTIONS INC,,,Fri Sep 26 2014 07:00:00 GMT+0700 (Indochina Time),,,,,,JULIA
"5931 CAMPUS CIRCLE DRIVE,","LAS COLINAS BUSINESS PARK,","IRVING. TX 75063,",U.S.A.,VENDOR: 86068 LI & FUNG / HOLIDAY TIMES UNLIMITED,NICK LAI (AGENT),,,MICHAEL-LF,,MICHAELS STORES PROCUREMENT CO. INC.,,,Fri Jan 04 2013 07:00:00 GMT+0700 (Indochina Time),,,,852-3101-1658,,IVY
11932 MIRAMAR PARKWAY,"MIRAMAR, FL33025, USA",,,,,,,DISCOMER,,"DISCOMER US, INC.",,,Thu Mar 14 2013 07:00:00 GMT+0700 (Indochina Time),,,,,,JULIA
,,,,,,,,WINN-DIXIE,,WINN-DIXIE STORES INC,,,Fri Apr 05 2013 07:00:00 GMT+0700 (Indochina Time),,,,,,IVY
"BOX 44, S-31038",SIMLANGSDALEN,SWEDEN.,,,,,,092488,,LECO AB,,,,,,,,,
"AVDA, PAU CASALS, 125",08907 L'HOSPITALET (BARCELONA),SPAIN,,"SANROMA, I, S.L.",,,,092070,,"SANROMA, I, S.L.",933371915,,Wed Apr 24 2013 07:00:00 GMT+0700 (Indochina Time),,,,933383151,,IVY
3800 SE 22ND AVENUE,"PORTLAND, OR 97202",U.S.A.,,,,,,047600,,"FRED MEYER, INC. DBA KROGER",,,Mon Sep 15 2014 07:00:00 GMT+0700 (Indochina Time),,,,49.231.55577.0,,IVY
"5931 CAMPUS CIRCLE DRIVE,","LAS COLINAS BUSINESS PARK,","IRVING. TX 75063,",U.S.A.,,,,,047797,,MICHAELS STORES PROCUREMENT CO. INC.,,,Fri Jan 04 2013 07:00:00 GMT+0700 (Indochina Time),,,,,,ICETANG
2750 W GRAND AVE,"CHICAGO, IL 60612",,,,TRACEE PRISTERA,,,077150,,"4 SEASONS GLOBAL, INC.",,,Tue Apr 30 2013 07:00:00 GMT+0700 (Indochina Time),,,PSM GROUP,,,JULIA
3021 CITRUS CIRCLE,"WALNUT CREEK, CA 94598",,,,,,,092571,,"PAPER FIRST AFFILIATES, LLC",(925)926-0123,,Mon Apr 25 2005 07:00:00 GMT+0700 (Indochina Time),,,PAPER FIRST,(925)926-0100,,
P.O. BOX 8432,"HARRISBURG, PA. 17105",U.S.A.,,,,,,057900,,RITE AID CORPORATION,,,,,,,,,
PO BOX 808,"BELLEVUE, WASHINGTON 98009",UNITED STATE OF AMERICA,,,,,,092784,,"SAVERS, INC.",(425)451-2250,,,,,SAVERS,(425)462-1515,,JENI
"RM 35/F & 36/F, SAXON TOWER (¦è¹y¤¤¤ß),","7 CHEUNG SHUN STREET,","CHEUNG SHA WAN,",KOWLOON,,HELEN TONG,,,094133,,AMSCAN ASIA INTERNATIONAL LIMITED,21551511,,Fri Feb 24 2012 07:00:00 GMT+0700 (Indochina Time),,,,21551515,,
6900 MORRIS ESTATE DRIVE,"CHARLOTTE, N.C. 28262",,,,,,,091471,(REVISED ADDRESS ON,MORRIS COSTUMES INC.,(704) 332-4443,,Tue Jun 17 2008 07:00:00 GMT+0700 (Indochina Time),,,,(704) 332-3304,,
3737 ROUNDBOTTOM ROAD,"CINCINNATI, OH 45244",U.S.A.,,,,,,090088,,DIRECT SOURCE INTERNATIONAL,513-561-3691,,,,,,,,ICETANG
10 CLEARVIEW PLACE,BROOKVALE,NSW 2100,AUSTRALIA,,,,,094154,,COSTUMEBOX.COM.AU,,,Mon Apr 30 2012 07:00:00 GMT+0700 (Indochina Time),,,,,,
"33 SO. SIXTH STREET,",P.O. BOX 1392,"MINNEAPOLIS, MINN. 55440",U.S.A.,,,,,069150,,TARGET(A.DIV. OF DAYTON HUDSON CORP),,,,,,,,,
INNOTRAC HEBRON 2,2305 LITTON LANE,"HEBRON, KY 41048",,,,,,092637,,TARGET.COM,,,Wed May 03 2006 07:00:00 GMT+0700 (Indochina Time),,,,,,
,,,,,,,,094816,,TARGET CANADA CO.,,,Tue May 07 2013 07:00:00 GMT+0700 (Indochina Time),,,,,,IVY
OF BRISTOL,1152 MARLKRESS RD,CHERRY HILL NJ 08003,,,,,,090169,,ARETT SALES,,,Wed May 04 2011 07:00:00 GMT+0700 (Indochina Time),,,ARETT SALES,,,
"2/FL, KERRY CENTER 2008,","RENIMIN NAN RD,","LUOHU DISTRICT, SHENZHEN 518001",(WAL-MART ASDA),,,,,092638,,WAL-MART GLOBAL PROCUREMENT - SZ (ASDA),,00219058216351,Tue May 06 2008 07:00:00 GMT+0700 (Indochina Time),,,,,,
"3/F LIFUNG TOWER,","888 CHEUNG SHA WAN ROAD,","LAI CHI KOK, KOWLOON",HONG KONG,,MS LEONIE FAN,,,092693,FANL@TOYSRUS.COM.HK,"TOYS ""R"" US ASIA LTD.",,,,,,"TOYS ""R"" US",2991 6165,,
495 EAST 19TH STREET,"TACOMA, WA 98421",,,,,,,068250,,SUPERVALU INTERNATIONAL DIVISION,253-593-3217,,Mon Mar 27 2006 07:00:00 GMT+0700 (Indochina Time),,,SUPERVALU,253-593-7787,,
PO BOX 968,NORTHAMPTON,NN4 4DB,UNITED KINGDOM,,,,,094702,,99P STORES LTD,,,Thu Apr 26 2012 07:00:00 GMT+0700 (Indochina Time),,,,,,
"200 WILMOT ROAD,","DEERFIELD, ILLINOIS 60015",U.S.A.,,,,,,075050,,WALGREEN COMPANY,,,,,,,,,
"5931 CAMPUS CIRCLE DRIVE,","LAS COLINAS BUSINESS PARK,","IRVING. TX 75063,",U.S.A.,VENDOR: 86068 LI & FUNG / HOLIDAY TIMES UNLIMITED,NICK LAI (AGENT),,,094724,,MICHAELS STORES-LI & FUNG,,,Wed May 08 2013 07:00:00 GMT+0700 (Indochina Time),,,,852-3101-1658,,IVY
(G.T. WHOLESALE LIMITED),"2480 WALKEY RD, OTTAWA,","ONTARIO, CANADA K1G 6A9",,,,,,093178,,GIANT TIGER STORES LTD,(613)521-4474,,Wed Jul 25 2007 07:00:00 GMT+0700 (Indochina Time),,,,(613)521-8222,,
"11/F, MANHATTEN PLACE 23, WANG TAI ROAD,","KOWLOON BAY, HONG KONG",,,,,,,TOP-TOY,,TOP-TOY (HONG KONG) LTD,,,Tue Jun 11 2013 07:00:00 GMT+0700 (Indochina Time),,,,,,IVY
5570 EXPLORER DRIVE,"MISSISSAUGA, ONTARIO","L4W OC4,",,,,,,TARGET-CAN,,TARGET CANADA CO.,,,Tue Jun 11 2013 07:00:00 GMT+0700 (Indochina Time),,,,,,COOKIE
PO BOX 808,"BELLEVUE, WASHINGTON 98009",UNITED STATE OF AMERICA,,,,,,SAVERST,,"SAVERS, INC.",(425)451-2250,,,,,SAVERS,(425)462-1515,,IVY
PO BOX 808,"BELLEVUE, WASHINGTON 98009",UNITED STATE OF AMERICA,,,,,,SAVERS,,"SAVERS, INC.",(425)451-2250,,,,,SAVERS,(425)462-1515,,JENI
5200 SHEILA ST.,"COMMERCE, CA 90040",U.S.A.,,,JODY BEASLEY,,,UNIFIED,,UNIFIED GROCERS,,,Tue Aug 12 2014 07:00:00 GMT+0700 (Indochina Time),,,,323 729-6888,,IVY
"701 MARKET STREET, SUITE 300","PHILADELPHIA, PA, 19106",,,,,,,FIVE BELOW,,"1616 HOLDINGS, INC.",,,Wed Jun 12 2019 07:00:00 GMT+0700 (Indochina Time),,,,,,PHYLLIS
2407 N PRESTON,"ENNIS, TX 75120",,,,,,,ERWIN,,"ERWIN DISTRIBUTING CO., INC.",972-875-6977,,Thu Apr 10 2014 07:00:00 GMT+0700 (Indochina Time),,,,972-875-6971,,ICETANG
UL. POZNANSKA 138,OZAROW MAZOWIECKI    POLAND,,,,,,,GODAN,,GODAN,22-721-0438,,Wed May 07 2014 07:00:00 GMT+0700 (Indochina Time),,,,22-721-0436,,JENI
ALFONSO JUNCO #4,COL. LAZARO CARDENAS,CUERNAVACA MORELOS,"C.P. 62080, MEXICO",,,,,CARETAS,,CARETAS REV S.A. DE C.V.,,,Fri Jun 13 2014 07:00:00 GMT+0700 (Indochina Time),,,,,,IVY
45 FERNWOOD AVENUE,EDISON NJ 08837 USA,,,,,,,SUPER-CAN,,COSTUME SUPERCENTER WAREHOUSE - CANADA,,,Thu Sep 11 2014 07:00:00 GMT+0700 (Indochina Time),,,,,,JENI
45 FERNWOOD AVENUE,EDISON NJ 08837 USA,,,,,,,SUPER-AUS,,COSTUME SUPERCENTER WAREHOUSE - AUSTRALIA,,,Thu Sep 11 2014 07:00:00 GMT+0700 (Indochina Time),,,,,,JENI
"PO BOX 74522,","NEAR JOTUN PAINT, AL QUOZ","DUBAI, U.A.E",,,RAJESH VASWANI,,,CHETNA,,"CHETNA TRADING L.L.C,",,(+97150)5057880,Fri May 22 2015 07:00:00 GMT+0700 (Indochina Time),,,,(+9714)3388600,EXT. 210,IVY
3 RUE MARTIN HILTI,68140 MUNSTER,FRANCE,,,THOMAS CARTENI,,,CHAKS SARL,tomchaks@gmail.com,CHAKS SARL,,,Fri Mar 20 2015 07:00:00 GMT+0700 (Indochina Time),,,,,,MCCHUNG
"13 JAYBEL STREET,",SALISBURY QLD AUSTRALIA 4107,,,,,,,SWEIDA,,SWEIDA'S WHOLESALE PTY LTD.,61 732741173,,Wed Apr 08 2015 07:00:00 GMT+0700 (Indochina Time),,,,61 732741171,,ICETANG
UNIT 3,62 BORTHWICK AVENUE,MURARRIE QUEENSLAND 4172,AUSTRALIA,,,,,JACK IN,,JACK IN THE BOX TOYS & NOVELTIES,,,Fri Apr 10 2015 07:00:00 GMT+0700 (Indochina Time),,,,,,IVY
"250 PARK CENTER BLVD.,","BOISE, ID 83706",,,,MS. BARBARA YAMAGUCHI,,,ICI-PARTN,,ALBERTSONS LLC,(909)592-7416,,Tue Oct 13 2015 07:00:00 GMT+0700 (Indochina Time),,,,,,JENI
"250 PARK CENTER BLVD.,","BOISE, ID 83706",,,,MS. BARBARA YAMAGUCHI,,,ICI-SAFEW,,"ALBERTSONS COMPANIES, INC.",(909)592-7416,,Tue May 11 2021 07:00:00 GMT+0700 (Indochina Time),,,,,,PHYLLIS
"250 PARK CENTER BLVD.,","BOISE, ID 83706",,,,MS. BARBARA YAMAGUCHI,,,ICI-SHAWS,,ALBERTSONS LLC,(909)592-7416,,Tue Oct 13 2015 07:00:00 GMT+0700 (Indochina Time),,,,,,JENI
POSTBOKS 2420 SLUPPEN,NO-7005 TRONDHEIM,NORWAY,,,,,,COOP NOR,,COOP NORGE HANDEL AS,,,Mon Oct 31 2022 07:00:00 GMT+0700 (Indochina Time),,,COOP NORGE,,,IVY
3800 SE 22ND AVENUE,"PORTLAND, OR 97202-2918",U.S.A.,,,,,,ROUNDY'S,,"FRED MEYER, INC. DBA KROGER",,,Tue Oct 04 2016 07:00:00 GMT+0700 (Indochina Time),,,,,,IVY
150 NORTHWEST POINT BLVD.,"ELK GROVE VILLAGE, IL 60007",,,,,,,MCKEN/TOPC,,TOPCO ASSOCIATES LLC,,,Fri Oct 07 2016 07:00:00 GMT+0700 (Indochina Time),,,(MCKENZIE),,,WENDY
GEWERBESTR.15,85652 LANDSHAM,GERMANY,,,,,,CHGS,,CUTGLASS HALLOWEEN GORE STORE GMBH,,,Thu Nov 03 2016 07:00:00 GMT+0700 (Indochina Time),,,,,,JENI
POL. INDUSTRIAL LA TORRECILLA,"45220 YELES, TOLEDO",SOAIN,,,PABLO / ALICIA,,,ENVASADOX,,ENVASADO XIOMARA S.L.,34925545796,,Wed Mar 15 2017 07:00:00 GMT+0700 (Indochina Time),,,ENVASADO,34925545828,,DOROTHY
1955 WEST BASELINE RD,STE 113-325  MESA  85202,,,,,,,MCCORMICK,,MCCORMICK TRADING LLC,,,Thu Apr 20 2017 07:00:00 GMT+0700 (Indochina Time),,,MCCORMICK,323-786-3892,,ICETANG
"BRACKELER HELLWEG 301, 44309 DORTMUND-BRACKEL",GERMANY,,,,,,,TEDI,,TEDI GMBH & CO. KG,,,Wed Jun 21 2017 07:00:00 GMT+0700 (Indochina Time),,,TEDI,,,SARAH
119 SHAFTESBURY AVE.,"LONDON, WC2H 8AE",ENGLAND,,,,,,MORRIS ANG,,"MORRIS ANGEL & SON, LTD.",,,Fri Jul 21 2017 07:00:00 GMT+0700 (Indochina Time),,,MORRIS ANGEL,,,IVY
45 RUE DE SANTOYON,38070 ST QUENTIN FALLAVIER,FRANCE,,,,,,JADEO,,JADEO FRANCE,,,Wed Jul 26 2017 07:00:00 GMT+0700 (Indochina Time),,,JADEO FRANCE,,,IVY
"4050 SOUTH 26TH STREET, SUITE 200,","PHILADELPHIA, PA 19112",,,,,,,OMNI GSS,,"OMNI GLOBAL SOURCING SOLUTIONS, INC",,,Mon Aug 07 2017 07:00:00 GMT+0700 (Indochina Time),,,OMNI GLOBAL,,,IVY
495 EAST 19TH STREET,"TACOMA, WA 98421",,,,,,,SUPER INTL,,SUPERVALU INTERNATIONAL DIVISION,253-593-3217,,Mon Mar 27 2006 07:00:00 GMT+0700 (Indochina Time),,,SUPERVALU,253-593-7787,,PHYLLIS
812 FILLEY STREET,SUITE A,"LANSING, MI 48906",,,,,,TOPSHELF,,"TOP SHELF BARBER SUPPLIES, LLC",,,Fri Mar 02 2018 07:00:00 GMT+0700 (Indochina Time),,,TOP SHELF,,,IVY
8600 WEST BRYN MAWR  AVENUE,"CHICAGO, IL 60631",USA,,,,,,TRUE VALUE,,TRUE VALUE COMPANY,,,Mon Mar 05 2018 07:00:00 GMT+0700 (Indochina Time),,,,773-695-5000,,PHYLLIS
13000 DARICE PARKWAY,"STRONGSVILLE, OH 44149",,,,,,,DARICE,,DARICE INC/LAMRITE WEST,440-268-0962,,Tue Apr 10 2018 07:00:00 GMT+0700 (Indochina Time),,,,440-238-9150,,PHYLLIS
POUNDWORLD HOUSE,PREMIER WAY NORTH,NORMANTON,WEST YORKSHIRE WF6 1GY,,,,,POUNDWORLD,,POUNDWORLD RETAIL LIMITED,,,Mon Apr 16 2018 07:00:00 GMT+0700 (Indochina Time),,,,,,IVY
146 EAST 5TH STREET,"BAYONNE, NJ 07002",,,,,,,WISEBUYS,,WISE BUYS ONLINE CORP.,,,Wed Feb 27 2019 07:00:00 GMT+0700 (Indochina Time),,,,,,ICETANG
"ROOM 610, 6F, NO 205, DUN-HUA NORTH ROAD,","TAIPEI, ROC",,,,,,,GSS,Connie / MICHAEL,GLOBAL SOURCING SERVICE LIMITED,,,Mon Oct 31 2022 07:00:00 GMT+0700 (Indochina Time),,,,,,IVY
945 E. CHURCH STREET.,"RIVERSIDE, CA 92507",,,,,,,VMI,,M.S.R.S. DBA VM INTERNATIONAL,,,Mon Dec 09 2019 07:00:00 GMT+0700 (Indochina Time),,,,,,PHYLLIS
"2521 BUSSE ROAD,","ELK GROVE VILLAGE, IL 60007-6118",,,,,,,WINSTON,,WINSTON MARKETING GROUP,847 350 5778,,Thu Feb 13 2020 07:00:00 GMT+0700 (Indochina Time),,,,847 350 5570,,IVY
2407 NORTH PRESTON,"ENNIS, TX 75119",,,,,,,PARTYCLUB,,"PARTY CLUB OF AMERICA, LLC",,,Wed Mar 18 2020 07:00:00 GMT+0700 (Indochina Time),,,,,,PHYLLIS
HAPPY SUN ENT.,1680 EXECUTIVE DRIVE,SUITE 400,DULUTH GA 30096,,,,,BESTAN,,BEST ANIME SHOP,,,Mon Aug 14 2023 07:00:00 GMT+0700 (Indochina Time),,,,,,IVY
117 KENDALL'S ROAD,HENTY  NSW  2658,AUSTRALIA,,,KEVIN BROBERG,,,WITMON,,WITMONBT P/L,,,Fri Aug 23 2024 07:00:00 GMT+0700 (Indochina Time),,,WITMON BT PT,,,MCCHUNG
11 HARRICK ROAD,KEILOR PARK,VICTORIA 3042,AUSTRALIA,,,,,LOMBARD,,LOMBARD THE PAPER PEOPLE,,,Fri May 07 2021 07:00:00 GMT+0700 (Indochina Time),,,LOMBARD,,,JULIA
"100 MISSION RIDGE,","GOODLETTSVILLE, TN 37072-2170",,,,,,,DOLLARGEN,,DOLLAR GENERAL CORPORATION,,,Fri Jun 25 2021 07:00:00 GMT+0700 (Indochina Time),,,DOLLAR GENER,,,IVY
1000 LOWE'S BLVD,MOORESVILLE NC28117,USA,,,,,,LOWES,,LOWES COMPANIES INC.,,,Wed Feb 22 2023 07:00:00 GMT+0700 (Indochina Time),,,LOWES,,,JULIA
5 RUE DE PEIGNAT,63800 COURNON D'AUVERGNE,,,,,,,JOUR DE FE,service.achat@jourde,JOUR DE FETE,,,Mon Mar 06 2023 07:00:00 GMT+0700 (Indochina Time),,,JOUR DE FETE,,,JULIA
RN8,CUGES LES PINS,13780 FRANCE,TVA(TAX NUMBER) - FR02070802269,,,,,OKCORRAL,,OK CORRAL,,,Mon Jun 05 2023 07:00:00 GMT+0700 (Indochina Time),,,,,,ICETANG
SUITE 1,2080 LOOKOUT DRIVE,"NORTH MANKATO, MN 56003",,,,,,FUN.COM,,FUN.COM,,,Fri Jun 09 2023 07:00:00 GMT+0700 (Indochina Time),,,,,,JULIA
195 BAY 19TH STREET,UNIT #203,BROOKLYN,NY 11214,,,,,BESTSELLER,,BEST SELLER,,,Tue Aug 15 2023 07:00:00 GMT+0700 (Indochina Time),,,BEST SELLER,,,IVY
2180 YONGE STREET,TORONTO M4P 2V8 ON CANADA,,,,,,,CANADIANT,,CANADIAN TIRE CORP/PC CANADA,,,Tue Aug 15 2023 07:00:00 GMT+0700 (Indochina Time),,,,,,MCCHUNG
CALCADOS E ARTESANATOS EIRELI-ME,"RUA CONEGO JANUARIO, 58, BAIRRO IPIRANGA CIDADE","SAO PAULO, UF: SAO PAULO-BRASIL",CEP: 04201-050 CNPJ: 74.213.083/0001-33,,SR. LAUTARO-,,,LAUTARO,,INDIACHINA COMERCIO DE ROUPAS,,,Tue Nov 07 2023 07:00:00 GMT+0700 (Indochina Time),,,,+55112645-4575,+551196867-2108,MCCHUNG
1200 NORTH KIRK ROAD,"BATAVIA, IL 60510-1477",,,,,,,ALDI,,ALDI INC.,,,Tue Apr 23 2024 07:00:00 GMT+0700 (Indochina Time),,,ALDI INC.,,,IVY
1106 BUCKINGHAM ROAD,"GREENSBORO, NC 27408 USA",,,,,,,SCARY PEEP,,"SCARY PEEPER, INC.",,,Wed Jun 05 2024 07:00:00 GMT+0700 (Indochina Time),,,,336-580-0696,,MCCHUNG
