addr1,addr2,addr3,addr4,cont_name,cre_date,cre_user,ename,fax,fax2,mod_date,mod_user,sname,tel,tel2,type,user_id,vendor_no
"3F-3, 56, SING-SHAN ROAD,",NEI-HU DISTRICT,"TAIPEI, (POSTAL CODE: 114)",TAIWAN,MR. DAVID JAN,,,GREAT WELLWORTH CORP.,(886) 2 27930560,,,,,(886) 2 27932899,,1,,G.W.
"RM.627,STAR HOUSE,","3 SALISBURY ROAD,","TSIM SHA TSUI, KLN.",,MISS LEUNG,,,ALFA ENTERPRISE,7306054,,,,,7351253,,1,,ALFA
"WAHCHEONG BUILDING, ROOM 101",#1 GLENEALY,"CENTRAL, HONG KONG.",,THERSA CHAN,,,ARROW PRODUCTION LTD.,28699146,,,,,25264010,,1,,ARROW
"16 F., BLOCK A,","TSL YAUWATEL BLDG.,","335 NATHAN RD.,","JORDAN, KOWLOON, H.K.",MISS ROSA HUNG,,,CHRISTMAS WORLD FASHION LIMITED,7824367,,,,,7700163,,1,,CWF
"UNIT 10, 19 FL.,","WING HING INDUSTRIAL BLDG.,","83-93 CHAI WAN KOK STREET,","TSUEN WAN, N.T.",MR. JIMMY WONG,,,GREAT CHARM LIMITED,4133673,,,,,4133609,,1,,G. CHARM
"ROOM 812-815, 8TH FLOOR,","NEW MANDARIN PLAZA, TOWER B,","14 SCIENCE MUSEUM RD.,","TSIM SHA TSUI EAST, KLN., H.K.",RAYMOND WONG,,,JETCO INT'L,27210264,27210046,,,EFF. ON,23674188,"JAN. 26, 1998.",1,,JETCO
"14 FL., YA LE IND. CENTRE","61-63 AI PUI WAN ST.,","FO TAN, SHATIN, NT.",,,,,KIU HUNG TOYS CO. LTD.,,,,,,,,1,,KIU HUNG
"10 FL., HYDE  CENTRE,","223 GLOUCESTER ROAD,","WANCHAI, HONG KONG",,,,,KAM CHI HONG MATTING CO.,8345886,,,,,5755466,,1,,KAM CHI
"ROOM 1833, STAR HOUSE,","3 SALISBURY ROAD,","TSIM SHA TSUI, KLN, H.K.",,"MANDY, SAYAMI",,,"OLYMPIC MASTER CO., LTD.",3752316,,,,,7352181,,1,,O.M.
ROOM 303 3/F LIPPO SUN PLAZA,28 CANTON ROAD TSIM SHA TSUI KOWLOON.,¦y¨F©C¼sªF¹D28¸¹¤OÄ_¤Ó¶§¼s³õ3¼Ó303«Ç,,BILL KAN / EDDIE CHEUNG,,,REX INDUSTRIES LIMITED,23751363,,,,CHANGED,2377 9192,2377 9269,1,,REX
"BLK., B7, 11 FL.,","TONIC IND. CENTRE,","19 LAM HING ST.,","KOWLOON BAY, KOWLOON, H.K.",CHARLIE HO,,,S.A.M. (HK) COMPANY,7986305,,,,,7968291,,1,,S.A.M.
"UNIT B, 12 FL., CAMELPAINT BLDG.,","BLOCK 3, 60 HOI YUEN RD.,","KWUN TONG, KLN., H.K.",,MR. VINTON YEUNG,,,BAITIN TRADING LIMITED,3417391,,,,,7908303,7908304,1,,BTL
"741-9 BANPO 1 DONG,","SEOCHO-GU, SEOUL, KOREA.",,,,,,ARTEX CORPORATION,0028225160830,,,,,0018225140914,,1,,ARTEX
"449-3, SINGIL 1-DONG,","YONGDEUNGPO-KU,","SEOUL, KOREA.",,,,,UNIDYNE CORPORATION,0028228485542,,,,,8420657,9435555,1,,DAE YUNG
"5/FL., NO. 9, LANE 130,","MIN-CHYUAN RD.,","HSIN TIEN, TAIPEI 23120",TAIWAN.,MR. DAVID LIN / GARY,,,E-DEAL INTL. CORP.,22180919,,,,,22183136,,1,,E-DEAL
"4FL-2, NO. 50, SEC. 4,","NAN-KING E. ROAD,","TAIPEI, TAIWAN",,,,,FORMOSA MAY INC.,00288625795450,,,,,,,1,,FORMOSA
"311-2, NORYANG JIN-DONG,","DONGJAK-GU, SEOUL,",KOREA.,,,,,HYUP SUNG INDUSTRIAL CO.,0028228153688,,,,,02 8146627,,1,,HYUP SUN
"UNIT 203A, NEW EAST OCEAN CENTRE,","9 SCIENCE MUSEUM ROAD,","TSIMSHATSUI, KOWLOON, HONG KONG.",,,,,REDNOW INTL. CORP.,23113287,,,,,23681215,,1,,REDNOW
"3-1FL., NO.21, LANE 167,","SEC. 2, PA-DER RD.,","TAIPEI, TAIWAN",,KATIE LEE,,,SERVICE INT'L CO. LTD.,88627942950,,,,,7112400,,1,,SICO
"16 FL., NO. 60, SEC.","2, AN HO ROAD,","TAIPEI, TAIWAN, R.O.C.",,,,,"SELECTOR TOYS & CO., LTD.",886-2-7041025,,,,,886275429903,,1,,SELECTOR
"2ND FLOOR, ROBAY BLDG.,ND,","537 SHAW BOULEVARD,","MANDALUYONG METRO MANILA,",PHILIPPINES.,,,,SUNTRADE CORPORATION,632 721-2037,,,,,786041,708080,1,,SUNTRADE
"98 198 MOOBAN RUNGRUANG SOI 6,","SOI KUSOLSIL, BANGNA ROAD,","PRAKANONG, BANGKOK 10260,",THAILAND.,OUI,,,"TRADE TRENDS CO., LTD.",662 3983339,,,,,662 3983339,3982682,1,,TRADE TR
"6 FL., NO. 27,","LANE 245, PA TE RD.,","SEC. 4, TAIPEI, TAIWAN",,,,,UNI-CONTEMPORARY INTL. CO. LTD.,886227619207,,,,,886227493748,,1,,UNI-CONT
C.P.O. BOX 117,"655-23 CHANG-DONG,","NOWON-KU, SEOUL,",REP. OF KOREA.,,,,"Y-BROS CO., LTD.",,,,,,,,1,,Y-BROS
"RM. 707, BLK. 1, TAK FUNG INDUSTRIAL CENTRE,","168 TEXACO ROAD, TSUEN WAN, HONG KONG.",,,MR. SIU/MISS YIP,,,E.B. INDUSTRY,35636918,,,,,35635108,,2,,BRID
"BLOCK B, 9/F.,","LEAPONT IND. BLDG.,","18-28 WO LIU HANG RD.,","FO TAN, SHATIN., N.T..",HUI NAM LOI,,,KWAN LEE PLASTIC FTY.,26989185,,,,,26932839,,2,,CMP
"RM. 9, 3/FL., BLOCK B,","HOI LUEN IND. CENTRE,","55 HOI YUEN RD., KWUN TONG.",,HUI NAM LOI,,,CHEUNG MEE CO.,3438750,,,,,3895398,,2,,CMC
"ROOM 604, 6/F.,","HEWLETT CENTRE,","54 HOI YUEN RD., KWUN TONG.",,Eliot Chan,,,CLAPON ELECTRONIC LTD.,23435477,,,,,23411711,,2,,CLAP
"STAGE 2, 2/F., BLOCK J,","GOLDEN DRAGON IND. CENTRE,","162-170 TAI PAI ROAD,","KWUN CHUNG, N.T..",Mr. Chan,,,FU WAH INDUSTRIAL COMPANY,24207607,002-86755-728521,,,,28930649,24241576,1,,FUWA
"FLAT E, 14/FL., KING WIN IND. BLDG.,",65-67 KING YIP ST.,KWUN TONG.,,Mr. C.M. Chung,,,,23419894,86-755-89459843,,,,23437768,94313429,1,,KLAI
"FLAT J, 14/FL., HIGHT WIN IND.","CENTRE, 47 HOI YUEN RD., KWUN TONG,",KLN.,,Mr. Chiu,,,KEE YEE (SUN HING) PVC MFG. CO.,3413166,IDD: 00186755879065,,,,3421383,3421883,1,,KYEE
"ROOM 29, 9/FL.,","THRIVING INDUSTRIAL CENTRE,","26-38 SHA TSUI ROAD,","TSUEN WAN, N.T..",Mr. Tsang,,,LUNG DA INDUSTRIAL (CHINA) CO.,24177429,,,,,24177409,96403055/24080070,1,,LUNG
"ROOM 1020, 10/F.,","HOPE SEA IND. CTR.,","22-28 LAM HING STREET,","KOWLOON BAY, KOWLOON.",Mr. Ho,,,LICK SHING PLASTIC CO.,3289624,,,,,3207644,3208586,1,,LICK
"ROOM 12, 11/FL., BLOCK C,","HANG WAI INDUSTRIAL CENTRE,","KIN TAI STREET,","TUEN MUN, N.T.",,,,NICE COLOR INDUSTRIAL CO.,4562925,IDD: 00186202254023,,,,4624268,,1,,NICE
"13/FL., EFFICIENCY HOUSE,","35 TAI YAU ST., SAN PO KONG,",KLN.,,Miss Cheung,,,SEVEN SEAS TOYS,3520353,,,,,3227988,3230108,1,,SST
"13/FL., EFFICIENCY HOUSE,","35 TAI YAU ST., SAN PO KONG,",KLN.,,MISS CHEUNG/VICKY (SHIPPING),,,SEVEN SEAS PLASTIC FTY. LTD.,3520353,27528437,,,,23230108,96535945,1,,SSP
"FLAT 5-8 9/F.,","SHING CHEUNG IND. BLDG.,","25-27 SHING WAN RD., TAI WAI,","SHATIN, N.T.",Mr. Choi,,,SUNNY PRODUCTS LTD.,6011485,,,,,6010966,,1,,SUNY
"FLAT 7, 5/FL., COSOMOPOLITAN CENTRE,","760 NATHAN ROAD, MONGKOK, KOWL0ON,",HONG KONG.,,Miss Kwong,,,"SUNSHINE WIGS MFG., CO.",(852) 3966023,,,,,(852) 3980868,,1,,SUN
"UNIT U, 3/FL., BLOCK 3,","CAMELPAINT BLDG.,","60 HOI YUEN RD.,","KWUN TONG, KLN..",,,,,4147597,,,,,4143362,4147066,1,,TEND
"1/FL., 29-33 CHAI WAN KOK STREET,","TSUEN WAN, N.T.",,,MISS TSANG/¶¯¥J(138-2329-0940),,,,24120801,¶¯¥J(13822311490),,,,24981591,91717979,1,,TUNG
"UNIT K, 3/FL., BLOCK 3,","CAMELPAINT BLDG.,","60 HOI YUEN ROAD,","KWUN TONG, KOWLOON.",MOBILE: 15875238132,,,,7535523,,,,,7535460,7536731 / 91365598,1,,TAI
"RM. 1410, EFFICIENCY HOUSE,","35 TAI YAU ST.,","SAN PO KONG, KOWLOON.",,MR. SZE,,,LI SHING TRADING CO.,(852)23265587,,,,,(852)23223345,90168683,1,,WAH
"FLAT N., 11/FL., BLOCK 3,","CAMELPAINT BLDG., 60 HOI YUEN RD.,","KWUN TONG, KOWLOON.",,MR. YEUNG,,,,26023034,,,,,26927117,91016327,1,,PLAN
"UNIT 23, 20/FL., PHASE A,","WAH LOK IND. CENTRE,","FO TAN, SHATIN, N.T..",,,,,POLY GOOD INDUSTRIAL LTD.,6874955,,,,,6874678,,1,,POLY
"5 FL., 5 SHEUNG HEI ST.,","SAN PO KONG, KLN.",,,Mr. Yung,,,"MEE TUNG MFTG. CO., LTD.",3511978,,,,,3212551,,1,,MEE
"ROOM 711, 7 F.,","KWONG SANG HONG CENTRE,","151-153 HOI BUN ROAD,","KWUN TONG, KLN.",,,,"NEW CENTURY MFG., CO.",(852) 3441156,,,,,7930380,,1,,NEW
"WAH SING IND. BLDG.,","11/FL., BLK. 1, 12-14 WAH SING ST.,","KWAI CHUNG, N.T.",,MISS TSANG (94520799),,,,4850435,,,,,4250523,4212216,2,,WING
"14 ELM STREET, 8/FL., WAH YUEN FTY.","BLDG., TAI KOK TSUI, KOWLOON.",,,,,,WING KAR COLOURFUL PRINTING FTY.LTD.,27894180,,,,,23914848,23911221,1,,WKAR
"UNIT 10, 11/FL.,","HUNG TAI IND'L BLDG.,","37-39 HUNG TO RD.,","KWUN TONG, KLN.",Miss Yung,,,K E MANUFACTURING LTD.,3420000,,,,Quinnine,7909252,,1,,KE
"13/FL., FLAT B7-B8, DELYA IND.","CENTRE, TMTL 164 SHEK PAI TAU RD.,","TUEN MUN, N.T..",,,,,LEE LIM METAL & PLASTIC MFG.,4561730,,,,,4560568,4561768,1,,LEE
"B4, 6/F., TUEN MUN IND. CENTRE,","76 PUI TO ROAD, TUEN MUN, N.T..",,,JACK LAW,,,CENTRE PLASTIC MFG. CO.,24624868,,,,,24624908,73187818,2,,CENT
"81 CHATHAM ROAD, G/FL.,","TSIM SHA TSUI, KLN.",,,MS. WONG,,,RAINBOW LATEX LTD.,3697145,,,,,3681161,,2,,RAINBOW
7100 N. BROADWAY SUITE 1-I,"DENVER, COLORADO, USA 80221",ATTN: JACK CHEN,,JACK CHEN,,,JACK'S INTERNATIONAL INC.,303-430-4436,,,,,303-430-4436,,1,,JACKS
"BLOCK 1 - 3 , DA BIAN SHAN EAST INDUSTRIAL AREA,","WAN FENG VILLAGE, SA JING, BAO AN,","SHENZHEN, GUANG DONG, CHINA",,MR. TO/MS LEUNG(SHIPPING),,,FACIL PRINTING (SHENZHEN) COMPANY LTD.,23574267,,,,MR. YUEN,23433166,94683652 (KK CHAN),2,,FACIL
670 S. JEFFERSON #G,PLACENTA CA 92670 U.S.A.,,,PEGGY CHANG,,,WELLPOINT CORPORATION,714-996-8099,,,,,714-996-8025,800-824-4567,1,,WELL
"5/F., GRAND INDUSTRIAL BUILDING,","159-165 WO YI HOP ROAD,","KWAI CHUNG, N.T. HONG KONG.",,ROSA HUNG,,,RICH PACIFIC LIMITED,4213635,,,,,4818882,,1,,RICH PAC
"UNIT A1, 3/FL., BLK. A,","YAU TONG INDUSTRIAL CITY,","NO.17 KO FAI ROAD,","YAU TONG, KOWLOON.",,,,YIN TAT INDUSTRIAL CO. LTD.,3401507,,,,,3401551,,1,,YIN
"NO.6,A KUNG NGAM VILLAGE RD.,","3/FL., BLOCK C & D,","CENTRO-SOUND IND. BLDG.,","SHAUKIWAN, HONG KONG.",,,,HAPPY METAL&PLASTIC TOYS MFG.CO.LTD.,8862139,,,,,5681251,,1,,HTOY
"ROOM 312-313,","BEVERLEY COMMERCIAL CENTER,","NO. 87-105 CHATHAM ROAD,","TSIM SHA TSUI, KOWLOON.",MISS CHEUNG,,,DEARLOVE COMPANY LIMITED,3120775,,,,,3661187,,1,,DEARLOVE
"UNIT A3, 9/FL., YIP FUNG IND. BLDG.,","28-36 KWAI FUNG CRESCENT,","KWAI CHUNG, N.T..",,,,,WING WAI PLASTIC & METAL FTY.,4810047,,,,,4810113,4810124,1,,WING WAI
"UNIT 9A-B, 24/FL.,","WELL FUNG IND. CTR.,","68 TA CHEUN PING ST.,","KWAI CHUNG, N.T..",,,,RADA LABEL PRINTING CO.,24812365,,,,,24810860,,1,,RADA
"UNIT B, 12/FL., CAMELPAINT BLDG.,","BLOCK 3, 60 HOI YUEN ROAD,","KWUN TONG, KLN., H.K.",,,,,MEGAN TRADING COMPANY,,,,,,,,1,,MEGAN
"ROOM 1702, PHASE 2,","CHAI WAN IND. CITY,","70 WING TAI RD.,","CHAI WAN, HONG KONG.",,,,KAO YA TRADING LTD.,5151426,,,,,8989926,,1,,KAO YA
"FLAT G, 12/FL.,","HARIBEST INDUSTRIAL BLDG.,","45-47 AU PUI WAN STREET,","FO TAN, SHATIN, N.T..",TAK ON CHAN,,,GOODDEAL ORNAMENT LIMITED,27536549,,,,,27536731,,2,,GOODDEAL
"STAGE 1, 4/FL., FLAT S&T,","KWUN TONG INDUSTRIAL CENTRE,","472-484 KWUN TONG ROAD,","KWUN TONG, KLN., H.K.",MR. LEUNG,,,SANG SANG HANDBAG FACTORY LTD.,7979253,,,,,3428111,,2,,SANG
"FLAT L, 5/FL., BLK. 3,","CAMELPAINT BLDG., 60 HOI YUEN RD.,","KWUN TONG, KLN..",,,,,WIN TAI LABELS & TRADING LTD.,3411235,,,,,7908313,,1,,WIN TAI
"5/F., GRAND INDUSTRIAL BUILDING,","159-165 WO YI HOP ROAD,","KWAI CHUNG, N.T. HONG KONG.",,ROSA HUNG,,,SUN SING FAI INDUSTRIAL CO. LTD.,4213635,,,,,4818882,,1,,SUN SING
"FLAT C, 6/F., FUNG NIN IND. BLDG.,","7-13 BEECH ST., TADKOKTSUI,","KOWLOON, HONG KONG.",,,,,SUNPOWER CAN PRODUCTS CO.,3952961,,,,,3920323,92618360 MR. LEE,1,,SUNPOWER
"UNIT B4, 3/F.,","MEE HING IND. BLDG.,","HING YIP STREET,","KWUN TONG, KOWLOON.",MR. NGAN,,,,27530628,,,,,24665178,96878196,2,,TAI HING
"BLOCK F, 10/F. & BLOCK F, 11/F.,","WARFORD IND. BLDG.,","14-16 KWAI HEI ST.,","KWAI CHUNG, N.T., H.K.",RAYMOND CHOW,,,WINTEX DEVELOPMENT LIMITED,6145264,,,,,4197332,,1,,WINTEX
"P.O. BOX 84-752,","10TH FL., NO. 7 TUN HWA S. RD.,","TAIPEI, TAIWAN",,LUKE YAO,,,"SUPERONE TAIWAN CO., LTD.",88625779752,,,,,02741-1140,,1,,SUPERONE
"1/F., 15-19 CHUN PIN STREET,","KWAI CHUNG, H.K.",,,JAHIEEL CHOW   (LILLIAN YAU),,,TRANSLINK MEDIA LIMITED,22128882,,,,,26878914,83403484,1,,WING FUN
"1210, 12/FL., FO TAN IND. CENTRE,","26-28 AU PUI WAN STREET,","FO TAN, SHATIN, N.T..",,EMILY FU,,,CYBERMAN LIMITED,6931546,,,,,6919998,,2,,CYBERMAN
"15/F., GRAND VIEW COMMERCIAL CENTRE,","29-31 SUGAR STREET,","CAUSEWAY BAY, HONG KONG.",,STELLA,,,COGI COSMETIC LTD.,8382413,28152225,,,,8336831,96531020,2,,COGI
"3/FL., NO. 18, ALLEY 1,","LANE 768, PATEH ROAD, SEC. 4,","TAIPEI, TAIWAN, R.O.C.",,,,,"SHIH YING ENTERPRISE CO.,LTD.",886-2-653-7248,,,,,(02)653-7246,(02)653-7247,1,,SHIH YIN
"9/FL., KAM FOO FTY. BLDG.,","97-103 TA CHEUN PING ST.,","KWAI CHUNG, N.T.",,TOMMY LO/GLORIA TO,,,MIN HWA PLASTIC MFG. LTD.,24805519,,,,,24208883,24253241-2,1,,MIN HWA
"RM. 2101, HARCOURT HOUSE,","39 GLOUCESTER ROAD,","WANCHAI, HONG KONG.",,,,,POLY HEALTH LIMITED,28655086,,,,,25201613,,1,,POLY HEA
"UNIT 8B, 10/F.,","TONIC IND. CENTRE,","19 LAM HING ST.,","KOWLOON BAY, KLN..",KEVIN CHAN,,,DISC CONCEPT CORP.,26759998,,,,,25109696,,1,,DISC CON
"ROOM 2304, 23/F.,","AITKEN VANSON CENTRE,","61 HOI YUEN ROAD,","KWUN TONG, KOWLOON.",HENRY WAN,,,HENCARRIE TOYS LIMITED,23896866,,,,,23897734,,1,,MASCOT
"FLAT F, 14/F.,","KING WAN IND. BLDG.,","65-67 KING YIP ST.,","KWUN TONG, KLN..",,,,,23895706,,,,,27909656,90260862 (MR.KWOK),2,,CHEUNG S
"RM. 1201-1204, 12/FL.,","LEADER IND. CTR.,","57-59 AU PUI WAN ST.,","FO TAN, SHATIN, N.T..",DICKSON LAM/POLLY/JODY KWAN,,,D & S TOYS COMPANY LIMITED,26053626,,,,,26053981,,2,,D & S
"NO. 16-18 JADE GREEN ISLAND COMMERCIAL STREET,","WENPOA INDUSTRIAL AREA,","GUANGYUEN EAST ROAD,","GUANGZHOU, CHINA, POSTAGE CODE : 511340",DAVID / PORTIA,,,TOP-GRADE H.K. LTD.,020 320 20016,,,,,020 320 20580,,1,,TOP GRAD
"UNIT 18G, WORLD TECH CENTRE,","95 HOW MING STREET,","KWUN TONG, KLN., H.K.",,MARTIN CHAN,,,LONGREEN LIMITED,25596703,,,,,25596789,,1,,LONGREEN
"UNIT 25, 11/F, BLK. A,","HOI LUEN INDUSTRIAL CENTRE,","55 HOI YUEN ROAD,","KWUN TONG, KOWLOON.",MISS HUI,,,TIN HONG INTERNATIONAL LTD.,23414197,,,,,23895599,23895688,1,,TIN HONG
"BLOCK D, 6/F., THE JADE PLAZA,","NO. 513, CANTON ROAD,","KOWLOON, HONG KONG.",,IDO TAI,,,KOLDEN CORPORATION,23888402,,,,,23887538,,1,,KOLDEN
"2/FL., NO. 5 MANSFIELD IND. CENTRE,","HONG YIP ST., YUEN LONG, N.T..",,,,,,WING YICK COMPANY,24431266,,,,,24431233,,1,,WING YIC
"ROOM 66, 8/FL.,","SINO INDUSTRIAL PLAZA,","9 KAI CHEUNG ROAD,","KOWLOON BAY, KOWLOON.",,,,RAINBOW MAGIC LIMITED,27536731,,,,,27535460,,1,,RAIN
FAR-EAST CENTURY PLAZA,"11F-7, NO. 2, JIAN-BA ROAD,","CHUNG-HO, TAIPEI COUNTY,","TAIWAN, R.O.C.",JOHN SHIH,,,"GRAND STYLE INDUSTRIAL CO., LTD.",886282261267,,,,,886282261266,,1,,HANDERSO
"UNIT 620-621, 6/F.,","TOPSAIL PLAZA,","11 ON SUM STREET, SHATIN, N.T.",,ROWENA CHAN,,,HIGHLY LANE LTD.,26372116,,,,,26371321,,2,,HIGHCORP
"13/F., PART B,","PENINSULA CENTRE,","67 MODY ROAD,","T.S.T. EAST, KLN., H.K.",,,,TLTOYS HK LIMITED,27244488,27224404,,,,27224455,,1,,TL TOYS
"16/FL., ROOM 1602,","CENTURY HOUSE, 3-4 HANOI ROAD,","TSIM SHA TSUI, KOWLOON, HONG KONG.",,,,,JOLLY WISH INDUSTRIAL LTD.,23113287,,,,,23681215,,1,,JOLLY
"8/F., NO. 13, SEC-1,","MING SHENG E. RD.,","TAIPEI, TAIWAN, R.O.C.",,MARIANNE CHUANG,,,"BELIVING TRADING CO., LTD.",88625119015,,,,,88625717377,,1,,BELIVING
"5F., NO. 11, ALLEY 54,","LANE 182, MING-CHU ROAD,","LOUCHOU CITY, TAIPEI HSIEN,","TAIWAN, R.O.C.",HELEN LUAN,,,"SPRING HOUSE INTERNATIONAL CO., LTD.",82815719,,,,,82815716,,1,,SPRING
"26 CONCERTO ST., STA. CEDLLA VILL.,","LAS PINAS, METRO MANILA,",PHILIPPINES.,,,,,BASE PHILIPPINES,0026328747336,,,,,0016328747336,,1,,BASE
"5/F.,129 SHIN TAI WU ROAD,","SEC. 1, SHIN-JYY TOWN, 221,","TAIPEI, TAIWAN",,MR CHARLES CHENG,,,"LOVABLE FRIEND INT'L CO., LTD.",886-2-26430477,,,,,886-2-26430466,,1,,LOVABLE
"UNIT 4B, NO. 7, LIN-PING N.ROAD,","WATANABE INT'L COMMERCIAL BLDG.,",SHANGHAI 200080 CHINA.,"¤W®ü¥«Á{¥­¥_¸ô55¸¹,´çÃä°ê»Ú°Ó°È¼Ó4¼ÓB®y,¶l½s200086",MR. WANG BIN,,,"STANDARD LIGHTING & ELECTRONICS, LTD",862165084611,,,,,862165077962,13901811574,1,,STANDARD
"UNIT B, 6/FL., TRUIST BLDG.,","289 HENNESSY RD., WANCHAI,H.K..",,,JOE HUI,,,NELSON UMBRELLA CO. LTD.,25199411,,,,,25111011,90970168,1,,NELSON
"#87 AGNO ST., EXTN.,","QUEZON CITY, PHILIPPINES",,,WILSON SIA,,,"RESOURCE INDUSTRIES, INC.",,,,,,6327122609,6327419812,1,,RESOURCE
"UNIT 3-4,11/FL.,","WAH WAI CENTRE,","38-40 AU PUI WAN STREET,","FO TAN, SHATIN, N.T..",MR. CHAU,,,LUCKY STRAIGHT LIMITED,23697080,,,,ALBERT,23697336,,1,,LUCKY
"IND GUSAN RD, FUXIN INVESTMENT ZONE","FUZHOU, CHINA.",,,,,,"FU ZHOU JIANING COSMETICS CO., LTD.",865913621654,,,,,865913621259,,1,,FU ZHOU
"FLAT E, 7/F.,","VALIANT INDUSTRIAL CENTRE,","2-12 AU PUI WAN STREET,","FO TAN, SHATIN, N.T..",MR. LAM,,,GOLDEN DRAGON ORNAMENT MFG. LTD.,26959713,,,,,26043160,,1,,GOLDEN
"ROOM 514, HONOUR INDUSTRIAL CENTRE,","6 SUN YIP STREET,","CHAI WAN, HONG KONG.",,KEVIN,,,"ARTWELL DESIGN & PRINTING CO., LTD.",25052509,,,,,28897844,,1,,ARTWELL
"ROOM 1413, 14/FL., BLOCK A,","SFA VIEW LSTAH,","NO. 2-8 WATSON ROAD,","NORTH POINT, HONG KONG",ALBERT CHAU,,,YING TAI PLASTIC FACTORY LTD.,25706815,,,,,25663808,95792218,1,,YING TAI
"701, PODIUM PLAZA,","5 HANOI ROAD,","TSIM SHA TSUI, HONG KONG.",,JOHN ARIWA,,,RICOWELL INDUSTRIAL LIMITED,23113617,,,,,23113696,,2,,RICOWELL
"UNIT 13, 7/F., BLOCK B,","PO LUNG CENTRE,","11 WANG CHIU ROAD,","KOWLOON BAY, KOWLOON.",MR. L H WONG,,,WINWAY INDUSTRIES CO.,27530268,,,,,31716837,,1,,WINWAY
"8/FL., PAN ASIA CENTRE,","137 WAI YIP STREET,","KWUN TONG, KOWKOON, HONG KONG.",,PETER K.S. WONG,,,TOP VISION 3-D (H.K.) LTD.,27934277,,,,TOP VISION,27934280,23450289,1,,TOP VISION
"61-65 MOO3 SIKUI-CHAIYAPHUM RD.,","TAMBOL SIKUL, AMPHUR SIKUI,","NAKORNRACHASIMA 30140,",THAILAND,,,,"SONG TOY CO., LTD.",6625332077,,,,,6625332057,,1,,SONG
"30/30-1 MOO 7, TAMBOL LADSAWAI","AMPHUR LAMLUKKA, PATHUMTHANEE 12150",THALIAND,,SONG,,,"YOUNG PLUSH TOY CO., LTD.",66-25332077,,,,YOUNG PLUSH,66-2-5332057,,1,,YOUNG
,,,,,,,,,,,,,,,,,RICOWELL
"17/FL., INTL. INDUSTRIAL CENTRE,","2-8 KWEI TEI ST.,","FOTAN, N.T., H.K..",,STEPHEN HO,,,WORKSHOP E&G,26011276,,,,,    26010080,,1,,WORKSHOP
FAR-EAST CENTURY PLAZA,"11F-7, NO. 2, JIAN-BA ROAD","CHUNG-HO, TAIPEI COUNTY,","TAIWAN, R.O.C.",JOHN SHIH,,,"GRAND STYLE INDUSTRIAL CO., LTD",886282261267,,,,,886282261266,,1,,HAND2
"NO. 1, LANE 40,","WAN AN ST., SHIN CHUANG","TAIPEI COUNTY, TAIWAN",,TOM LIAO,,,"SUNNY GROVE ENTERPRISE CO., LTD.",8862 22011325,,,,,886 22201 7334,,2,,SUNNYGROVE
øDµ¾¤Æ§©»R·|¦çªA,"NO. 21-1, NANYANG STREET,","TAIPEI 100,",TAIWAN (R.O.C),MS LILY,,,"LUCIDA HANDICRAFT CO., LTD.",886(0)2-23898819,886(0)2-23895859,,,,886(0)2-23898299,,1,,LUCIDA
"BLOCK J, 10/F., WINNER FACTORY BUILDING,","55 HUNG TO ROAD, KWUN TONG, KOWLOON,",HONG KONG,,JOHNNY HO/GARY CHAN/CODY HO,,,PARTY PRODUCTS MFG. LTD.,2743 4514,8343 7768,,,,2370 1163,2370 1171,2,,PARTY P
"ROOM 408, HOUSTON CENTRE,","63 MODY ROAD,","TSIM SHA TSUI EAST,","KOWLOON, HONG KONG.",CANDY KWOK/MISS YUNG(SHIPPING),,,SWEET N FUN LIMITED,27231826,,,,,27231337,,1,,SWEET
,,,,,,,,,,,,,,,,,ULTRA
"UNIT B, 2/F., YOUNG YA INDUSTRIAL BUILDING,","381-389 SHA TSUI ROAD, TSUEN WAN, H.K..",,,PHOEBA CHIU,,,ULTRA WORLD INTERNATIONAL LTD.,24073112,,,,ULTRA WORL,24073228,94500254,1,,ULTRA WORL
"#10806 EAST OF JIANKANG ST, BUILDING B","FLOOR 19TH  ROOM 1915, GAOXIN DISTRICT","WEIFANG CITY, SHANDONG CHINA  261061",¤sªF¬ÙÀå§{¥«°ª·s°Ï°·±dªFµó 10806 ¸¹,XIU-E ZHAI »C¨q®Z / YANG YANG,,,GFII INC,,,,,GOLDEN FIELD,0118613953670820,,1,,GFII
2 XIMEN ROAD,"XIAMEN, CHINA",,,,,,GLO-NOVELTY,,,,,,,,1,,GLOW
,,,,SEVEN,,,"SHENZHEN WINGART ART SUPPLIES CO., LTD.",,,,,WING ART,,,,,WING ART
"UNIT 708, 7/F, TOWER A,","NEW MANDARIN PLAZA,","14 SCIENCE MUSEUM ROAD,","TSIMSHATSUI EAST, KOWLOON, HONG KONG.",JEFF / KITTY,,,,27232281,,,,BEAUTIWISE,27226992,36978017,1,,BEAUTIWISE
"WORKSHOP 8 ON 25TH FLOOR,","KWONG KIN TRADE CENTRE,","NO.5 KIN FAT STREET,","TUEN MUN, NEW TERRITORIES, H.K.",MANDY / FIONA,,,FUNG WA HIN DEVELOPMENT LTD.,27687206,00628676983848999,,,FUNG WA HI,23692303,,2,,FUNG WA HI
"BLOCK A, 11/F.,","SUNRISE INDUSTRIAL BLDG.,","10 HONG MAN ST.,","CHAI WAN, HONG KONG.",CHRISTINA/BRAIN(135 0906 2221),,,,25587575,,,,KAI YEE,25581463,94499918,2,,KAI YEE
"BLOCK A, 11/F., SUNRISE INDUSTRIAL BLDG.,","10 HONG MAN ST., CHAI WAN,",HONG KONG,,BRIAN CHENG,,,KAI YEE (HK) LIMITED,25587575,,,,,25581463,M: 97877999,2,,KAIYEE
"ROOM 818, TOWER B, NEW MANDARIN PLAZA,","14 SCIENCE MUSEUM ROAD, TST EAST,","KOWLOON, HONG KONG.",,LI MING RUI,,,FUNG WA HIN DEVELOPMENT LIMITED,27687206,13809262699,,,,23692303,M: 98895766,2,,FWH
"BAI YUN QIAN INDUSTRIAL ZONE,","CAI BIAN VILLAGE, DALANG TOWN,","DONG GUAN CITY, GUANG DONG PROVINCE,",CHINA,JASON TSAI,,,,769-83313808,,,,,769 83313880,139 2680 1337,2,,JADA
"NO. 79, HAIBIN ROAD,","CHENWU, WUSHA,","CHANGAN TOWN, DONGGUAN CITY,","GUANGDONG PROVINCE, CHINA",ANDY SHIA,,,KING'S CRAFT(CHINA) LTD,0769-85321773,,,,,0769-85321771/2,,1,,KINGCRAFT
"UNIT C, 43/F., NAN FUNG PLAZA,","TOWER 5, 8 PUI SHING ROAD,","TSEUNG KWAN O, HONG KONG.",,IVAN LEE,,,LAHO INC.,21773603,13829116983,,,,21773613,M: 92284757,1,,LAHO
"NO.9, XINYE ROAD, HENGDIAN ELECTRONIC","INDUSTRY FIELD, HENGDIAN TOWN,","DONGYANG CITYM, ZHENJIANG PROVINCE",®ý¦¿¨È¼w¤u¶T¦³­­¤½¥q,KIM (86-13867991977),,,ZHEJIANG ARDOUR INDUSTRIAL & TRADING CO. LTD.,86-20-38805751,,,,SUNLIT,86-20-38806749,886-955532207,1,,SUNLIT
"FLAT A3, 9/F., BLOCK A,","MAI HING INDUSTRIAL BUILDING,","16-18 HING YIP STREET, KWUN TOMG.","KOWLOON, HONG KONG.",EDDIE YU,,,,24215356,,,,CAN FAT,24877112,98831529,2,,CAN FAT
"NO. 28 XIA PO VILLAGE,","LONG TIAN, KENGZI TOWN,","LONGGANG, SHENZHEN, CHINA",,RACHELSW,,,SUNWAH JIANXING PLASTIC MANUFACTURE,755-84110101,,,,,755-84110102,755-84122268,2,,SUNWAH
LOT: C7. VIET HUONG INDUSTRY PARK. THUAN GIAO,"THUAN AN, BINH DUONG, VIET NAM.",(CUM CONG NGHIEP VIET HUONG C7),,CINDY & JAMES,,,"JM CAPS VIETNAM CO., LTD.",0274 3753 255,,,,,0274 3753 256/7/8,,1,,JMCAPS
"NO. 15 JING'ER ROAD,","BEIYUAN INDUSTRIAL ZONE,","YIWU, ZHEJIANG PROVINCE,",CHINA 322000,BARRY REVZEN,,,PARTYTIME COSTUME & LINGERIE (YIWU) FACTORY,86 579 85992833,,,,,86 579 85992800,86 579 85992811,1,,PARTY T
"ROOM 101, UNIT 1, NO. 18, YI LAN ROAD","SHI BEI DISTRICT, QING DAO CITY","SHAN DONG PROVINCE, P.R. CHINA",ZIP CODE: 266034,MR. EDMOND YANG,,,GREAT FUTURE INTERNATIONAL GROUP INC.,001-614-807-7760,,,,,86-15095169259,86-532-85988700,1,,GFED
"NO. 16, 25TH ROAD, TAICHUNG INDUSTRIAL PARK,","TAICHUNG, TAIWAN",,,,,,"BYMER TOY INDUSTRIAL CO., LTD.",886-4-23592573,,,,,886-4-23592422,,1,,BYMER
"NO. 1, SHUNTONG RD","BINFANG TOWN, RUDONG",NANTONG CITY,"NANTONG, JIANGSU,",MR. TANG JIAN,,,"NANTONG ZHONGBO GLASSWARE CO., LTD.",0086-513-84250412,,,,,(865)1384251466,013951307731,1,,LIGSUN
"UNIT 7, 2/FL., TOWER 1, HARBOUR CENTRE,","1 HOK CHEUNG STREET, HUNG HOM,","KOWLOON, HONG KONG.",,DOROTHY CHONG,,,HOLIDAY FUNWORLD LTD.,,,,,,27908303,,1,,HFW
"4/F, BLOCK E,","BUILDING #3, NO. 889","YISHAN ROAD,","SHANGHAI, CHINA 200233 CHINA",JOHN WANG,,,PROMODA COMPANY LIMITED,,,,,,862-164-950498,862-164-950497,1,,PROMODA
"FLAT T, 9/F., INTERNATIONAL INDUSTRIAL CENTRE,","2-8 KWEI TEI STREET, FO TAN, SHATIN, N.T., H.K..",,,MR. FU / MISS TSANG,,,,26923643,,,,,26015218,,2,,YEE FONG
"FLAT J-N, 6/F., VALIANT INDUSTRIAL CENTRE,","2-12 AU PUI WAN STREET,","FO TAN, SHATIN, HONG KONG.",,FIONA CHAN,,,THE MERTON COMPANY LIMITED,(852) 2691 1403,94646609,,,,(852) 2278 5122,(852) 2278 5100,2,,HMS
"10/F, 4TH BUILDING,","NO. 1035 GUANGXIAN ROAD,","SCIENCE AND TECHNOLOGY PLAZA,","HI-AND-NEW TECH PARK, NINGBO (AREA CODE: 315040)",CECILIA,,,"JIESEN TRADE CO., LTD.",0086-574-87918880,,,,,0086-574-87918801,0086-574-87918802,2,,JIESEN
"FL 2ND,NO.97-41 JIN SHIJI SQUARE NO.99","NORTH HANGCHANG QIAO ROAD,","HUZHOU CITY,ZHEJIANG PROVINCE,",CHINA,AH JOE / PEARL,,,"HAPAR CO., LTD.",,,,,,86-18765297205,13818028690 (PEARL),1,,HAPAR
42 GODOWN STREET,CHENNAI 600001,TAMILNADU,INDIA,VISHAL BHAIYA,,,MANAK EXPORTS,,,,,,0091 44 42153393,,2,,PEMI
"RM. 707, BLK. 1, TAK FUNG INDUSTRIAL CENTRE,","168 TEXACO ROAD, TSUEN WAN, HONG KONG.",,,MR. SIU/MISS YIP,,,,35636918,,,,,35635108,,2,,BRIDG
"UNIT 708, 7/F, TOWER A,","NEW MANDARIN PLAZA,","14 SCIENCE MUSEUM ROAD,","TSIMSHATSUI EAST, KOWLOON, HONG KONG.",JEFF / KITTY,,,BEAUTIWISE LIMITED,27232281,,,,BEAUTIWISE,27226992,36978017,1,,BEAUTI
"FLAT A3, 9/F., BLOCK A,","MAI HING INDUSTRIAL BUILDING,","16-18 HING YIP STREET, KWUN TOMG.","KOWLOON, HONG KONG.",EDDIE YU,,,ASIA SMART PRODUCTION LIMITED,24215356,,,,CAN FAT,24877112,98831529,2,,CANFAT
"ROOM A3-8B,10/F,","SUMMIT BUILDING,",30 MAN YUE STREET,"HUNG HOM, KOWLOON",,,,CHEUNG SHING PLASTIC TOYS MFY.,23895706,,,,,27909656,90260862 (MR.KWOK),1,,CSING
"UNIT S, 17/F,","INTERNATIONAL INDUSTRIAL CENTRE,","2-8 KWEI TEL STREET,","FO TAN, SHATIN, N.T.",MR. NGAN,,,TAI HING PLASTIC FACTORY LTD.,27530628,,,,,24665178,96878196,2,,HING
"NO. 5, XIANHU ROAD, XIAN CUN, SHI XIA VILLAGE,","DA LANG TOWN, DONGGUAN CITY,","GUANGDONG PROVINCE, CHINA.",,JASON TSAI,,,"JIA XIANG FIBER ENTERPRISE CO., LTD",769-83313808,,,,,769 83313880,,2,,JADAR
"FLAT E, 14/FL., KING WIN IND. BLDG.,",65-67 KING YIP ST.,KWUN TONG.,,Mr. C.M. Chung,,,KAI LAI PLASTIC MFTY. LTD.,23419894,86-755-89459843,,,,23437768,94313429,1,,KAILAI
"ROOM 2401A, 24/FLOOR,","NANYANG PLAZA,","57 HUNG TO ROAD,","KWUN TONG, KOWLOON.",,,,TENDA PLASTIC MANUFACTORY LIMITED,4147597,13418260368,,,,4143362,76985542032,1,,TENDA
"UNIT 19, 10/FL.,","KENNING INDUSTRIAL BUILDING,","19 WANG HOI ROAD,","KOWLOON BAY, KOWLOON, H.K..",MOBILE: 158 7523 8132,,,TAI TUNG VACUUM FORMING ARTIFICIAL PRODUCT CO. LTD,7535523,,,,,7535460,7536731 / 91365598,1,,TAIT
"FLAT 6,15/F YUE FUNG INDUSTRIAL BUILDING,","35-45 CHAI WAN KOK STREET,","TSUEN WAN, NEW TERRITORIES,",HONG KONG.,MISS TSANG/¶¯¥J(138-2329-0940),,,TUNG SING TOYS MFTY. LTD.,,¶¯¥J(13822311490),,,,24981591,91717979 / 91717373,1,,TSING
"UNIT A29, 2/F, MAI WAH INDUSTRIAL BLDG.,","NO. 1-7, WAH SING STREET,","KWAI CHUNG, N.T.",,MISS TSANG (94520799),,,WINGS DEVELOPMENT CO.,4850435,,,,,4250523,4212216,2,,WINGS
"FLAT G1003, 10/F., BLOCK B,","UNIVERSAL INDUSTRIAL CENTRE,","19-21 SHAN MEI STREET,","FO TAN, SHATIN, NT.",MR. YEUNG,,,WORLD PLAN INDUSTRIAL LTD.,26023034,,,,,26927117,91016327,1,,WORLDP
"FLAT T, 9/F., INTERNATIONAL INDUSTRIAL CENTRE,","2-8 KWEI TEI STREET, FO TAN, SHATIN, N.T., H.K..",,,MR. FU / MISS TSANG,,,YEE FONG INDUSTRIAL LIMITED.,26923643,,,,,26015218,,2,,YEE
QINGDAO HUNDA NEW PARTY WORLD,NO.6 ROAD OF FUYVAN IND.ZONE,HUANGDAO DISTRICT,"QINGDAO, CHINA",MR.EDWARD AN / LINSA ZHANG,,,QINGDAO HUNDA INDUSTRIAL CO.,86-532-86916300,,,,,86-532-86916798,,1,,HUNDA
"RM 509, BLOCK NO 2,","EAST BUSINESS CENTER,","NO.456 XINGNING ROAD JIANG DONG,","NINGBO,CHINA",HENRY,,,FANCY PRODUCTS INT'L LTD,86-574-56877321,,,,,86-574-87163583,18957883583 (ELLIE),1,,FANCY
"99 CHUNHUI RD,","WAHFAY BUILDING,","YINZHOU DISTRICT,","315105 NINGBO,",VIVIAN CHAN /SUNNY GUAN,,,"CHINA NINGBO WAHFAY INDUSTRIAL(GROUP) CO.,LTD",+(86)574 27855716,+(86)574 87807601,,,,+(86)574 28850827,+(86)13805843143,1,,WAHFAY
"FLAT D, 7/F,.SUPERLUCK IND.CENTRE,","PHASE 1, 45-53 SHA TSUI RD.,","TSUEN WAN ,N.T. HONG KONG",,MR. SIU,,,E.B. INDUSTRY LIMITED,35636918,,,,,35635108,92521551 KIM,2,,EBINDU
"1/F,NO.120 LANE 338,","SEC. 3, TUNG MEN RD,","EAST DISTRICT, TAINAN,",TAIWAN,LINDA CHEN/WING,,,ACCESS WORLDWIDE LTD.,,,,,,886-626-8975,886-62-906539,1,,ACCESS
"2/F, NO. 1, ALLEY 3,","LANE 13, KUH LUEN STREET","TAIPEI, TAIWAN",,JENNIFER LU,,,"LUCKY SEEDS INTERNATIONAL CO.,LTD",886-225-970280,,,,,886-22-593-2382,,1,,LUCKYS
"5/F.,NO.208 YONGJUN ROAD,","BEIYUAN INDUSTRIAL ZONE,","YIWU, ZHEJIANG,",CHINA,FORREST/LILY,,,"YIWU STYLER WIGS (FACTORY) CO.,LTD",865-79-85-260722,,,,,865-798-5260,,1,,YIWIG
"FLAT L, 5/FL., BLK. 3,","CAMELPAINT BLDG., 60 HOI YUEN RD.,","KWUN TONG, KLN..",,AMY,,,WIN TAI LABELS & TRADING LTD.,23411235,,,,,27908313,,1,,WIN
·s´L°ê»Ú¦³­­¤½¥q,1104#/GUAN GUANG RD. & MISSION,"HILLS RD. INTERSECTIONS, GUAN LAN TOWN,","BAO AN DISTRICT, SHENZHEN,GUANG DONG",BETTY & DIDY (EXT. 303),,,PAN ASIAN CREATIONS (BVI) LTD,86-755-27971999,,,,,85-755-27971666,,1,,PASIAH
"11/F, CHIAP LUEN INDUSTRIAL BLDG.,","30-32 KUNG YIP STREET,","KWAI CHUNG, N.T., H.K.",,GWENETH TONG,,,EPF GLOBAL ENTERPRISES LIMITED,852-24203938,,,,,852-24275468,,1,,EVRGRN
"QUANZIYA, LINGHE TOWN AN QIU CITY,","SHAN DONG PROVINCE, CHINA",,,,,,"WEIFANG FUTURE COSTUME CO,. LTD.",,,,,,,,2,,GFED-WEFA
HUADIAN INDUSTRIAL PARK,"CHENGBEI NEW DISTRICT, DONGYANG CITY",ZHEJIANG,®ý¦¿¬ÙªF¶§¥««°¥_¤u·~·s°ÏµØ©±¤u·~¶é,TERESA WANG,,,ZHEJIANG DONGFANG COMMODITY CO.,,,,,,1-626-494-8298,,1,,DONG
"RM. 501-504, 5/F., FOREIGN TRADE GROUP BUILDING,","NO. 239 ZHONGXING ROAD,","LUOHU DISTRICT,","SHENZHEN, CHINA",WENDY TENG,,,"WONDERFUL ENTERPRISE CO., LTD.",86-755-82374034,,,,,86-755-82374286(843),86-13632896851,1,,WONDER
"NO. 371, NORTH RD. EAST BANK,","GUZHEA TOWN, ZHONGSHAN,","GUANGDONG, CHINA",,LEMON WU,,,AOFUTE ILLUMINATION CO. LTD. OF ZHONGSHAN,,,,,,86-760-22396782,86-760-22399666,2,,AOFUTE
"NO. 15 JING'ER ROAD,","BEIYUAN INDUSTRIAL ZONE,","YIWU, ZHEJIANG PROVINCE,",CHINA 322000,BARRY REVZEN / KEVIN,,,PARTYTIME COSTUME & LINGERIE (YIWU) FACTORY,86 579 85992833,,,,,86 579 85992800,86 579 85992811,1,,PARTYC
"NO. 15 JING'ER ROAD,","BEIYUAN INDUSTRIAL ZONE,","YIWU, ZHEJIANG PROVINCE,",CHINA 322000,BARRY REVZEN / NANCY,,,PARTYTIME COSTUME & LINGERIE (YIWU) FACTORY,86 579 85992833,,,,,86 579 85992800,86 579 85992811,1,,PARTYM
"NO. 251, HUACHUAN NORTH ROAD,","CHI'AN TOWN, YIWU CITY,","ZHENJIANG PROVINCE, CHINA",,BARRY REVZEN / ANGEL,,,PARTYTIME COSTUME & LINGERIE (YIWU) FACTORY,86 579 85992833,,,,,86 579 85992800,86 579 85992811,1,,PARTYW
"4TH/F.,BULD. A, WAIMAO XINGYE AREA,","TONGLE NANTOU, NANSHAN DISTRICT,","SHENZHEN, CHINA",,,,,"SHENZHEN NOVELTY ELECTRONICS CO.,LTD.",,,,,,,,2,,SZ NOVELTY
FAR-EAST CENTURY PLAZA,"11F-7, NO. 2, JIAN-BA ROAD","CHUNG-HO, TAIPEI CONUNTY","TAIWAN, R.O.C.",JOHN SHIH,,,"GRAND STYLE INDUSTRIAL CO., LTD",886282261267,,,,,886282261266,,1,,HANDSH
"UNIT 10, 5/F,","WING ON PLAZA,","62 MODY ROAD,","TST EAST, KOWLOON",ZOUXIAOYAN,,,TOP APEX ENTERPRISES LTD,852 2595 1652,,,,,852 2595 9133,,1,,TAPEX
"4FL., NO.3 ALLEY 16,","LANE 391,","CHUANG CHING ROAD,","TAIPEI, TAIWAN R.O.C.",GINA KUO,,,"MEAN AN CO., LTD.",886-2-27253173,866-2-27294632,,,,886-2-27251811,,1,,MEANAN
"NO.4 XIN WU CHANG, CHAN JING DIRECTORIAL AREA,","TANG XIA, XIN XU TOWN, HUI YANG DISTRICT,","HUI ZHOU CITY, GUANG DONG PROVINCE,",P.R.C. CHINA,MS. LISA,,,"TIANXING LATEX PRODUCTS CO., LTD",,,,,,86-752-3596018,,2,,TIAN
"2900 S. 20TH ST,","PHILADELPHIA, PA 19145",U.S.A.,,KRISTINA JI / MIKE KEELEY,,,BRITE STAR MANUFACTURING CO.,215-467-9222,,,,,215-271-7600,,2,,BRITE
"1FL., NO.1, ALLEY3,","LANE 13, KUH LUEN STREET",TAIPEI,TAIWAN (ZIP CODE:10367),JENNIFER LU,,,"LUCKY SEEDS INTERNATIONAL CO., LTD.",886 22 597-0280,,,,,886 22 593-2382,886 22 586-7196,1,,LUCKY3
"BLOCK 7, NO.234 WAN FENG ZHONG LU,","WAN FENG VILLAGE, SA JING, BAO AN, SHENZHEN,","GUANG DONG, CHINA",,MR. TO/MS LEUNG(SHIPPING),,,YIU MING PRINTING PACKAGE (SHENZHEN) LTD.,23574267,,,,,23433166,94683652 (KK CHAN),2,,YMING
"NO.3, KAI YUN ROAD,","DALINGXIA, LIAOBU TOWN,",DONGGUAN GUANGDONG CHINA 523408.,,KENT,,,GENIUS CREATIVE DEVELOPMENT CO. LTD.,86-769-23225097,,,,,86-769-23225097,86-755-25521949,2,,GENIUS
"ROOM 2219A, 22/F., WEKK FUNG INDUSTRIAL CENTRE,","68 TA CHUEN PING STREET,","KWAI CHUNG, N.T., HONG KONG.",,MR. CHOW CHI MING,,,ART SYSTEM (HONG KONG) LIMITED,81482407,,,,,36194913,91086278,1,,ARTSYS
"UNIT B, 20/F., FORD GLORY PLAZA,","37 WING HONG STREET, CHEUNG SHA WAN,","KOWLOON, HONG KONG.",,PANLY CHAN,,,"KIMYON INDUSTRIAL (HK) CO., LTD.",,,,,,3692 5418,,1,,KIMYON
YINGCHENG ROAD SONGGANG TOWN,NANHAI CITY GUANGDONG,P. R. C,,¤ý¸g²z,,,FOSHAN NANHAI KANGYUAN CAPSULE TECHNOLOGY CO LTD,(0757) 8523341,,,,,(0757) 8523377-609,,2,,LUCKY2
"ROOM 2216, NO. 1 BUILDING,","NEW WORLD INTERNATIONAL COMMERCIAL MANSION,","YINZHOU DISTRICT, NINGBO, CHINA PC 315040",,LEO ZHANG (MANGER) / SCARLETT,,,"NINGBO LE MONDE IMPORT & EXPORT CO.,LTD",86-574-27987650,,,,,86-574-27987655,86-15888513721,2,,LEMOND
2802 107TH AVE NE,"BLAINE, MINNESOTA 55449",,,DANIEL MULLINS,,,IMC FAR EAST LLC,,,,,,763.792.4111,,1,,IMCFAR
"NO.3 SONGLIN EAST ROAD,","ZENGTIAN INDUSTRIAL PARK,","CHANGAN TOWN,DONGGUAN CITY, CHINA",ªF²ð¥«ªø¦wÂí¼W¥Ð¤u·~°ÏªQªLªF¸ô3¸¹,YOYO TANG,,,DONGGUAN KINSHUN PACKING MATERIALS CO. LTD.,86-769-85396560,,,,,86-769-81887560,86-13728175648,2,,KINSHU
"1-3/F,NO.528,EAST HEXIAO ROAD, DONGQIAO TOWN,","YINZHOU DISTRICT,NINGBO, ZHEJIANG, 315155",®ý¦¿¬ÙÉrªi¥«»Â¦{°Ï¬}¾ôÂí²ü¾åªF¸ô 528 ¸¹ 1-3¼Ó,,ADA - ADA@FIVE-STARSS.COM,,,"NINGBO HAISHU RUNZE ARTS & CRAFTS CO.,LTD",,,,,,86-574-87497086,,1,,HAISHU
"ROOM 01, 16/F., NEW TECH PLAZA,","34 TAI YAU STREET,","SAN PO KONG, KOWLOON, HONG KONG.",¤EÀs·s»Z±^¤j¦³µó34¸¹·s¬ì§Þ¼s³õ16¼Ó01«Ç,EVA LIU,,,JENSEN PRODUCTS LIMITED,852-2366 1828,,,,,2366-9838,,1,,JENSEN
"WU XIANG BUILDING,GE SHAN ZHEN","DONGYANG CITY, NINGBO",,,"TERESA WANG, KATE JIANG",,,TYK INTERNATIONAL CORPS,,,,,,626-685-9199,,1,,TYK
"NO.504-604,4 BLDG.SHENG SHI HAO TING,","SIMEN TOWN,YUAYO CITY ZHEJIANG, CHINA.",,,,,,"YUYOA TARZAN PARTY COSTUMES & HATS CO.,LTD.",,,,,,865-746-2138177,865-746-2138187,1,,TARZAN
"RM. 514, HONOUR INDUSTRIAL CENTRE,","6 SUN YIP ST., CHAI WAN, HONG KONG.",,,KEVIN,,,ARTWELL DESIGN & PRINTING CO. LTD.,25052509,,,,,28898397,28897844,2,,ARTWEL
2TH BUIDING,38TH ZHANGJIADIAN DONGQIAO HAISHU,NINGBO ZHEJIANG,CHINA,TOM,,,NINGBO FRIEND TRADING CO. LTD,0574 87789406,,,,,0574 87789450,MOB:13429227882,1,,NFTC
"8# DONGBEI ROAD, DONGQIAO TOWN,","YINZHOU DISTRICT, NINGBO,","ZHEJIANG, CHINA",,ANDY LIU,,,"ACE GIFT & CRAFT (NINGBO) CO., LTD.",86-574-8827 3426,,,,,1377-727-7335,86-574-8827 3428,1,,ACEGFT
"GUZHEN DEVELOPMENT 108# OF LU¡¦AN CITY,","ANHUI PROVINCE, CHINA",,,MISS KORA,,,LU¡¦AN HUANYU FEATHER HANDICRAFTS FACTORY,86-564-2242777,,,,,86-564-2242882,,1,,HUANYU
"SOUTH INDUSTRIAL DESTRICT, YONGXIU JIUJIANG","JIANGXI PROVINCE, CHINA",,,MISS LINDA,,,"JIANGXI SINO INDUSTRY AND TRADE CO., LTD",,,,,,86-13486413370,,1,,SINO
"NO.1 BUILDING, HENGGANGTOU INDUSTRIAL PARK,","CHANGAN TOWN, DONGGUAN CITY,","GUANGDONG PROVINCE, CHINA",,SUGAR DONG,,,OKEY-LA INTERNATIONAL LTD,,,,,,86-0769 3381 5951 ET,0086-137 2811 9562,2,,OKLA
"11415 WEST 183RD PLACE, SUITE E","ORLAND PARK, IL 60467",,,MAXIE SPANOS,,,TEKKY TOYS,708-478-7325,,,,,708-478-7323,,1,,TEKKY
"NO.128TH. XIHU LU ROAD,","SHAOJIAO MANAGEMENT DISTRICT,","HUMEN TOWN, DONGGUAN, GUANGDONG, CHINA",,,,,DONGGUAN LINHE ELECTRONIC & TECHNOLOGY,,,,,,,,2,,SH-LIN
"8F, BUILDING A, QUANJU INDUSTRIAL PARK","NO.21, PINGGANG ROAD, GONGMING TOWN,","GUANGMING DISTRICT, SHENZHEN, GUANGDONG, CHINA",,,,,"FASHION ELECTRONICS TOYS (SHENZHEN) CO., LTD?",,,,,,,,2,,FASHON
"NO. 1, YEQIN ONE ROAD,","HUANG GEKENG, LONG GANG AREA,","SHENZHEN, GUANGDONG, CHINA",,,,,EM PLASTIC MANUFACTORY,,,,,,,,2,,EMPLST
"ROOM B, 11/F REGENCY CENTRE","PHASE 1, NO. 39",WONG CHUK HANG ROAD,HONG KONG,ALEX CHAN,,,SUNRISE PARTY PRODUCTS CO.LTD,,,,,,,,1,,SUNRIS
"3F,NO.2 BUILDING,NO.10 ZENGPING RD,",XICHENG INDUSTRIAL PARK,"DONGYANG CITY,ZHEJIANG CHINA",,DIANA / MIKE,,,DONGYANG GLORY COSTUMES FACTORY,86-579-86882029,,,,,86-579-86903915,,1,,GLORYC
"NO.18,HUANCHENG RD(NORTH) PANAN,",JINHUA ZHEJIANG CH,,,­J«Ø¤¤,,,"PAN'AN CHUANGXIN ART&CRAFTS CO.,LTD",,,,,,0579-84666927,,2,,CHUGXI
"UNIT 6, 4/F., KAI FUK IND. CTR.,","1 WANG TUNG STREET,","KOWLOON BAY, KOWLOON, HONG KONG.",,BERTILLA CHAN / JENIFFER YANG,,,PINECONE DESIGN LTD.,AMY CHENG,JENIFFER YANG,,,,852 21557061,852 21557033,1,,PINEC
"NO 5. YUPING ROAD, JIANSHAN","TOWN, PANAN COUNTY, NINGPO",(®ý¦¿¬Ùª÷µØ¥«½Y¦w¿¤¦y¤sÂí¥É«Ì¸ô¸¹),,TODER CAO,,,PANAN LYGA CSTM&ACCSY FACTORY,,,,,,748-745-2039,861-39-57-824165,1,,LYGA
"2F,NO.85,GUANGFU ROAD SEC 1","SANCHONG DIST., NEW TAIPEI CITY, TAIWAN","(ORI. SEND TO: MAGTEK (VN) CO., LTD.)","(NO.25, STREET 4, VSIP II INDUSTRIAL PARK)",AMANDA/SUNNY/DANIEL MULLINS,,,"GOLDEN ROCKET INDUSTRIAL CO., LTD.",,,,,,612-247-7519,,1,,GOLROC
"GUZHEN DEVELOPMENT 108# OF LU¡¦AN CITY,","ANHUI PROVINCE, CHINA",,,MISS KORA,,,"LU¡¦AN YUXING IMPORT & EXPORT TRADING CO. , LTD.",86-564-2242777,,,,,86-564-2242229,,1,,YUXING
"NO. 313 WENXING ROAD, HUSHAN SUB-DISTRICT,","WUYI COUNTY, JINHUA CITY,","ZHEJIANG PROVINCE, CHINA.",,POLLY ZHANG,,,"WUYI JINGJIE CLOTHING CO.,LTD",0579-87811062,,,,,0579-87811069,15988519589,1,,EASYWA
"LI JIA FANG INDUSTRIAL PARK,","SHIPAI TOWN, DONGGUAN,GUANGDONG, 52336, CHINA",(ªF²ð¥«ùÚ²±½¦³U¦³­­¤½¥q),(¤¤°ê¼sªF¬ÙªF²ð¥«¥Û±ÆÂí§õ®a§{¤u·~°Ï45),MISHA,,,"DONGGUAN HENGSHENG POLYBAG CO., LTD.",,,,,,86-769-8659 3128,13925861720,1,,HENG
ROOM 1901-1902 CHANGHUI PLAZA,"NO.799 YINXIANG ROAD, SHANGHAI",,,EVA GUO,,,ARMADA INTERNATIONAL GROUP LTD,,,,,,86-21-5603 9403,,1,,ARMADA
"ROOM 917A, HYUNYOON INTERNATIONAL BUILDING,","NO. 1100, WUZHONG ROAD,",MINHANG DISTRICT,SHANGHAI.CHINA. 201103,AMY HE & LISA,,,ZISON INTERNATIONAL HK LTD.,86-793-7210921,,,,,86-793-7210921,86-13701885004,2,,ZISON
"NO.67,CISHANHE ROAD,CHUNXIAO INDUSTRY ZONE,","BEILUN DISTRICT,NINGBO,CHINA",Érªi¥«¶¶¶hªA?¦³­­¤½¥q,¤¤?®ý¦¿Érªi¥«¥_??¬K?¤u??? ·O¤sªe¸ô67?,AVA,,,"NINGBO SHUNYI COSTUME CO., LTD.",0086-574- 8714070,,,,,0574-87459851,,2,,SHINY
"FL 2ND,NO.97-41 JIN SHIJI SQUARE NO.99","NORTH HANGCHANG QIAO ROAD,","HUZHOU CITY,ZHEJIANG PROVINCE,",CHINA,KATHY,,,"HAPAR CO., LTD.",,,,,,86-18765297205,,1,,HAPARD
"BUILDING 2, NO.11, ZHONGXING ROAD, ECONOMIC","DEVELOPMENT ZONE, ZHANGJIAGANG  CITY,","JIANGSU PROVINCE, CHINA",¦¿Ä¬¥ß¯S°Êº©³Ð·N¦³­­¤½¥q,JOEY ZHAO,,,"JIANGSU LEADTEX ANIMATION CREATIVE CO., LTD.",+86-512-58680626,,,,,+86-512-56991813,18962233685,1,,LEADTX
"NO. 568, XINGPING 7RD,",PINGHU ECONOMIC DEVELOPMENT ZONE,"314200 PINGHU ZHEJIANG, CHINA",®ý¦¿¨Ì·R¤Ò´åÀ¸¸Ë¤å¤Æ²£·~¦³­­¤½¥q,JANE CAO,,,"ZHEJIANG EMF COSPLAY CULTURE INDUSTRY CO., LTD.",573 85098766,,,,,86 573 85098298,(EXT. 998),2,,EMF
"FLAT F, 7/F WONG KING INDUSTRIAL BUILDING,","2 TAI YAU STREET, SUN PO KONG,","KOWLOON, HONG KONG",(CONTRACT TO FRANCES & MR. NG),FRANCES,,,KAM FENG (CRAFT) INDUSTRIAL LIMITED.,,,,,,23293281,66210250,1,,ZIFENG
"ROOM 2108-09, 21/F., REGENT CENTRE,","TOWER A, 63 WO YI HOP ROAD,","KWAI CHUNG, N.T., HONG KONG",,HU RONG (MANAGER),,,SINOMAC INTERNATIONAL LIMITED,,,,,,24261621/13802379322,,1,,SUNW
(WENCO ENTERPRISE COMPANY),"ROOM 16, 9/F., KAM HON IND., BLDG.,","NO 8 WANG KWUN ROAD,","KOWLOON BAY, KOWLOON, HONG KONG",KAREN LI,,,TOP SUPER INDUSTRIAL LTD.,,,,,,2422 9936/9702 2880,86-13600299277,1,,DONA
"RM 603, 6/F., BLK B,","KA MING COURT, 688-690 CASTLE PEAK ROAD,","KOWLOON, HONG KONG.",,ALAN LAI,,,LAI'S PLASTIC TOYS LIMITED.,,,,,,35951866 / 92361181,13715987000,1,,LAIS
"UNIT 8, 9TH FL., KENNING INDUSTRIAL BLDG.,","NO. 19 WANG HOI ROAD, KOWLOON BAY,","KOWLOON, HONG KONG.",,MISS YUEN,,,ON LEE MANUFACTURING LIMITED,27556431,,,,,27573701,27558119,2,,ONLEE
"PING MUI VILLAGE,","HUAI XIANG TOWN, XINYI CITY,","GUANGDONG, CHINA",,MR. KO,,,SHING SHUN BASKET FACTORY,,,,,,13376680386,,2,,SSBF
"KAM FOO FACTORY BLDG.,","9TH/FT., 97-103 TAI CHUEN PING STREET,","KWAI CHUNG, KOWLOON, HONG KONG",,SUNNY LEE,,,MIN HWA PLASTIC MANUFACTURERS LTD.,,,,,,90305573,769-8775 7399,1,,MINWHA
"ROOM 815, 8/F., TOWER B,","HUNGHOM COMMERCIAL CENTRE,","37-39 MA TAU WAI ROAD, HUNG HOM,","KOWLOON, HONG KONG.",LOUIS LAU / CERY CHAN,,,HONG NIN PAINT SPRAY & MOULD (HK) LIMITED,23697396,,,,,27398092,27398116,2,,GAOYI
¼sªF¦ÂÀY¥«¤Ñ¤s¸ô34¸¹ºñ¶é¤j·H2104«Ç,,,,EDDIE CHEUNG - 5129 2238,,,IT OCEAN TOY CO. LTD.,,,,,,,,1,,SHANTS
"ROOM 306, BUILDING 2,","NO. 8 ZHONGHE ROAD, XIACUN VILLAGE,","CHANGPING TOWN CITY, DONGGUAN CITY.",ªF²ð¥«¬ü´fªA¹¢¦³­­¤½¥q,IRIS LIU,,,M & H GARMENT COMPANY LTD.,0769-83989599,,,,,0769-83986198,62268915 (IRIS),1,,IRIS
"3/F., NO. 406, YOUNGOR AVENUE,","YINZHOU DISTRICT,","NINGBO, CHINA",¹çªiÄQÅï¶T©ö¦³­­¤½¥q,MS JOJO / AVA / ROSANNE,,,"NINGBO GOOD PARTNER TRADING CO.,LTD.",00628657487140,,,,,8657487135148,13857863383 (MOB),1,,NINGPO
"4F.-3, NO.45, SEC. 4,","XINYI ROAD, TAIPEI, TAIWAN.",,,WILLIAM LU/IVY,,,"TRIPLE ONE CO., LTD.",886 2 27410929,,,,,886 2 27752911,,1,,TRIPL
"EXI VILLAGE , MASHE PRECINCT , LISHUI TOWN ,","NANHAI, FOSHAN.",,,MR PONG,,,JIPENG PLASTIC FACTORY LISHUI NANHAI,,,,,,757- 85627299,13902422882,1,,JIPENG
"118 METERS, SOUTH OF SHIJIABU VILLAGE,","JINGZHI TOWN, ANQIU CITY, WEIFANG CITY,","SHANDONG PROVINCE, CHINA",,SOPHY,,,"SHANDONG SUNWAY CLOTHING CO., LTD.",,,,,,18653606541,15106365589,1,,ANGELA
"NO. 1, WENFENG BUILDING,","FIVE STAR COMMUNITY,","CHANGTAI STREET, LICHENG DISTRICT,",QUANZHOU CITY,GOODIE,,,"QUANZHOU JIACHUANG CRAFTS CO., LTD",,,,,,18050904222,,1,,JIACHU
"ROOM 2108-09, 21/F., REGENT CENTRE,","TOWER A, 63 WO YI HOP ROAD,","KWAI CHUNG, N.T., HONG KONG",,HU RONG (MANAGER),,,SINOMAC INTERNATIONAL LIMITED,,,,,,24261621/13802379322,,1,,SINOMA
"ROOM 0613, BLOCK JINSENIANHUA,","NO 28TH BAISHAN ROAD,",DALIAN,,LICA ZHANG,,,"DALIAN GIFTGARDEN INT. TRADE CO., LTD",,,,,,0411-8631 3510,,1,,GIFTGA
"15 HUBU STREET, NANJING, CHINA 210002",,,,ANNIE / WANG,,,HIGH HOPE ZHONGTIAN CORPORATION,,,,,,13862359388,86-25-86895140,1,,DATAI
"ROOM 2503, BLOCK A, HERONG BLDG.,","NO. 189 PANHUO RD, YINZHOU DIST.","NINGBO, ZHEJIANG 315155 CHINA",,MENDY / SUNNY,,,"AGS INDUSTRY GROUP CO., LTD.",,,,,,008657487918490,,1,,AGS
(SHANGHAI OFFICE),"ROOM 102, NO. 3, BUILDING 3839,","NORTH YANGGAO ROAD,","PUDONG, SHANGHAI",LILY / FANNY,,,"PAN AN JIN YE ARTS AND CRAFTS CO., LTD.",,,,,,021-51316802,021-61653421,1,,JINYE
"510-2, 5TH FLOOR, BUILDING A",YINYI INNTERNATIONAL CITY,"NO.509 YOUNGOR AVE,HAISHU DIST","NINGBO, ZHEJIANG",SUNNY & AMY,,,"NINGBO RISING-STAR C&C CO.,LTD",,,,,,,,1,,R.STAR
DAHOU INDUSTRIAL ZONE,XIEGANG TOWN,DONGGUAN,,MR. YI,,,CHANG HAI COMPANY LTD.,,,,,,,,,,CHANHA
"NO.42 LLIZHUANG, CRAFT STREET,","XIAJIN COUNTY, DEXHOU CITY,","SHANDONG PROVINCE, CHINA",,MS LUO,,,"XINAJIN CHUNYUAN CRAFT CO., LTD.",,,,,,13204954076,,2,,CHUNY
"EXPORT-ORIENTED SCIENCE AND TECHNOLOGY PARK,","XIWU STREET, FENGHUA DISTRICT, NINGBO, ZHEJIANG",CHINA,,,,,"NINGBO GERMA ELECTRON CO., LTD.",,,,,,,,2,,LIANXI
"THIRD FLOOR, NO.101,YANGJIA ROAD, BAIYUN COMMUNITY",",BAIYUN STREET, DONGYANG CITY JINHUA",,,,,,"DONGYANG RUIHAO COSTUME CO.,LTD",,,,,,,,2,,RUIHA
CARRETERA DE MONCADA A NAQUERA,"CV-31, KM.11,2, 46119 NAQUERA","VALENCIA, SPAIN",46119,PABLO,,,QUIMIROMAR SLU,,,,,,92-554-5827,,1,,XIOMAR
"2F., NO. 169 HUAYUAN STREET,","XIAOSHUN TOWN, JINDONG DISTRICT,","JINHUA, ZHEJIANG SHENG, CHINA.",,MRS.CHEN,,,"JINHUA LEZHIYUAN TOYS CO., LTD.",,,,,,13606893451,,1,,STRENG
"NO.3, KAIYUN ROAD, DALINGXIA,","LIAOBU TOWN,DONGGUAN CITY,","GUANGDONG PROVINCE, CHINA",,KENT / CAROL,,,PARTYGEARS CO. LTD.,,,,,,(86)0769-22242105,86 13829160400,1,,PARTYG
"PLOT CN1, CN2, CN3, KHANH",THOUNG INDUSTRIAL CLUSTER,YEM MO DISTRICT,NINH BINH PROVIN 08610,POON,,,GLOBAL TONE COMPANY LIMITED,,,,,,,,,,TAITVN
6826 BLACK HORSE PIKE,"EGG HARBOR TOWNSHIP, NJ08234,USA",,,,,,INSPIRIT DESIGNS,,,,,,,,1,,INSPIRIT
"BLDG 5&6, NO.36 SHENZHEN ROAD","SIYANG COUNTY, SUQIAN CITY",JIANGSU,,,,,"SHANGHAI QIANRUN CLOTHING,CO., LTD.",,,,,,,,2,,QIANRU
F457 2ND AND 3RD FLOOR SECTOR 63,(NOIDA 201301) UTTAR PRADESH  INDIA,,,DHEERAJ ARORA,,,HINDUSTAN HERBAL COSMETICS,,,,,,,,1,,PRISH1
H.611(A) LANE - W10E,"WESTERN AVE,SAINIK FARM 110062","NEW DELHI, INDIA",,,,,GIFTS AND MORE (INDUS VALLEY FACTORY),,,,,,,,1,,GIFTSA
